action_type,activity_comment,activity_id,activity_properties,assay_chembl_id,assay_description,assay_type,assay_variant_accession,assay_variant_mutation,bao_endpoint,bao_format,bao_label,canonical_smiles,data_validity_comment,data_validity_description,document_chembl_id,document_journal,document_year,ligand_efficiency,molecule_chembl_id,molecule_pref_name,parent_molecule_chembl_id,pchembl_value,potential_duplicate,qudt_units,record_id,relation,src_id,standard_flag,standard_relation,standard_text_value,standard_type,standard_units,standard_upper_value,standard_value,target_chembl_id,target_organism,target_pref_name,target_tax_id,text_value,toid,type,units,uo_units,upper_value,value
,,2156120,[],CHEMBL935788,Inhibition of Mycobacterium tuberculosis pantothenate synthetase,B,,,BAO_0000190,BAO_0000357,single protein format,Cc1ccccc1Cn1cc(NC(=O)c2noc3c2CC(C(C)(C)C)CC3)cn1,,,CHEMBL1142415,J Med Chem,2008,"{'bei': '17.63', 'le': '0.33', 'lle': '2.29', 'sei': '9.49'}",CHEMBL412059,,CHEMBL412059,6.92,0,http://www.openphacts.org/units/Nanomolar,696366,=,1,1,=,,IC50,nM,,120.0,CHEMBL6069,Mycobacterium tuberculosis,Pantothenate synthetase,1773,,,IC50,nM,UO_0000065,,120.0
,Not Determined,2156123,[],CHEMBL935788,Inhibition of Mycobacterium tuberculosis pantothenate synthetase,B,,,BAO_0000190,BAO_0000357,single protein format,CC(C)(C)C1CCc2onc(C(=O)O)c2C1,,,CHEMBL1142415,J Med Chem,2008,,CHEMBL260594,,CHEMBL260594,,0,,696382,,1,0,,,IC50,,,,CHEMBL6069,Mycobacterium tuberculosis,Pantothenate synthetase,1773,,,IC50,,,,
,Not Determined,2156124,[],CHEMBL935788,Inhibition of Mycobacterium tuberculosis pantothenate synthetase,B,,,BAO_0000190,BAO_0000357,single protein format,CC(C)(C)C1CCc2onc(C(=O)Nc3cnn(C(=O)c4c(Cl)cc(Cl)cc4Cl)c3)c2C1,,,CHEMBL1142415,J Med Chem,2008,,CHEMBL441154,,CHEMBL441154,,0,,696380,,1,0,,,IC50,,,,CHEMBL6069,Mycobacterium tuberculosis,Pantothenate synthetase,1773,,,IC50,,,,
,,2156142,[],CHEMBL935788,Inhibition of Mycobacterium tuberculosis pantothenate synthetase,B,,,BAO_0000190,BAO_0000357,single protein format,COc1ccc(Cc2noc(NC(=O)c3noc4c3CC(C(C)(C)C)CC4)c2C(N)=O)cc1,,,CHEMBL1142415,J Med Chem,2008,"{'bei': '11.37', 'le': '0.21', 'lle': '1.39', 'sei': '3.86'}",CHEMBL446201,,CHEMBL446201,5.15,0,http://www.openphacts.org/units/Nanomolar,696381,=,1,1,=,,IC50,nM,,7130.0,CHEMBL6069,Mycobacterium tuberculosis,Pantothenate synthetase,1773,,,IC50,nM,UO_0000065,,7130.0
,,2156143,[],CHEMBL935788,Inhibition of Mycobacterium tuberculosis pantothenate synthetase,B,,,BAO_0000190,BAO_0000357,single protein format,CC(C)(C)C1CCc2onc(C(=O)Nc3cnn(Cc4ccc(C(=O)NCCc5ccccc5)cc4)c3)c2C1,,,CHEMBL1142415,J Med Chem,2008,"{'bei': '13.04', 'le': '0.24', 'lle': '1.55', 'sei': '6.72'}",CHEMBL438202,,CHEMBL438202,6.85,0,http://www.openphacts.org/units/Nanomolar,696379,=,1,1,=,,IC50,nM,,140.0,CHEMBL6069,Mycobacterium tuberculosis,Pantothenate synthetase,1773,,,IC50,nM,UO_0000065,,140.0
,,2156144,[],CHEMBL935788,Inhibition of Mycobacterium tuberculosis pantothenate synthetase,B,,,BAO_0000190,BAO_0000357,single protein format,CC(C)(C)C1CCc2onc(C(=O)Nc3cnn(Cc4ccc(C(=O)NCc5ccccc5)cc4)c3)c2C1,,,CHEMBL1142415,J Med Chem,2008,"{'bei': '13.05', 'le': '0.24', 'lle': '1.43', 'sei': '6.54'}",CHEMBL261734,,CHEMBL261734,6.68,0,http://www.openphacts.org/units/Nanomolar,696378,=,1,1,=,,IC50,nM,,210.0,CHEMBL6069,Mycobacterium tuberculosis,Pantothenate synthetase,1773,,,IC50,nM,UO_0000065,,210.0
,,2156145,[],CHEMBL935788,Inhibition of Mycobacterium tuberculosis pantothenate synthetase,B,,,BAO_0000190,BAO_0000357,single protein format,CC(C)(C)OC(=O)c1ccc(Cn2cc(NC(=O)c3noc4c3CC(C(C)(C)C)CC4)cn2)cc1,,,CHEMBL1142415,J Med Chem,2008,"{'bei': '13.79', 'le': '0.26', 'lle': '1.32', 'sei': '6.65'}",CHEMBL410040,,CHEMBL410040,6.60,0,http://www.openphacts.org/units/Nanomolar,696377,=,1,1,=,,IC50,nM,,250.0,CHEMBL6069,Mycobacterium tuberculosis,Pantothenate synthetase,1773,,,IC50,nM,UO_0000065,,250.0
,,2156146,[],CHEMBL935788,Inhibition of Mycobacterium tuberculosis pantothenate synthetase,B,,,BAO_0000190,BAO_0000357,single protein format,CC(C)(C)C1CCc2onc(C(=O)Nc3cnn(Cc4ccc(C(=O)O)cc4)c3)c2C1,,,CHEMBL1142415,J Med Chem,2008,"{'bei': '15.00', 'le': '0.28', 'lle': '2.32', 'sei': '5.75'}",CHEMBL409299,,CHEMBL409299,6.34,0,http://www.openphacts.org/units/Nanomolar,696376,=,1,1,=,,IC50,nM,,460.0,CHEMBL6069,Mycobacterium tuberculosis,Pantothenate synthetase,1773,,,IC50,nM,UO_0000065,,460.0
,,2156147,[],CHEMBL935788,Inhibition of Mycobacterium tuberculosis pantothenate synthetase,B,,,BAO_0000190,BAO_0000357,single protein format,CC(C)(C)C1CCc2onc(C(=O)Nc3cnn(Cc4ccc(F)cc4F)c3)c2C1,,,CHEMBL1142415,J Med Chem,2008,"{'bei': '16.61', 'le': '0.31', 'lle': '2.29', 'sei': '9.44'}",CHEMBL261486,,CHEMBL261486,6.89,0,http://www.openphacts.org/units/Nanomolar,696375,=,1,1,=,,IC50,nM,,130.0,CHEMBL6069,Mycobacterium tuberculosis,Pantothenate synthetase,1773,,,IC50,nM,UO_0000065,,130.0
,,2156148,[],CHEMBL935788,Inhibition of Mycobacterium tuberculosis pantothenate synthetase,B,,,BAO_0000190,BAO_0000357,single protein format,COC(=O)c1ccc(Cn2cc(NC(=O)c3noc4c3CC(C(C)(C)C)CC4)cn2)cc1,,,CHEMBL1142415,J Med Chem,2008,"{'bei': '15.57', 'le': '0.29', 'lle': '2.69', 'sei': '6.85'}",CHEMBL261487,,CHEMBL261487,6.80,0,http://www.openphacts.org/units/Nanomolar,696374,=,1,1,=,,IC50,nM,,160.0,CHEMBL6069,Mycobacterium tuberculosis,Pantothenate synthetase,1773,,,IC50,nM,UO_0000065,,160.0
,,2156149,[],CHEMBL935788,Inhibition of Mycobacterium tuberculosis pantothenate synthetase,B,,,BAO_0000190,BAO_0000357,single protein format,CC(C)(C)C1CCc2onc(C(=O)Nc3cnn(Cc4ccc5ccccc5c4)c3)c2C1,,,CHEMBL1142415,J Med Chem,2008,"{'bei': '16.44', 'le': '0.30', 'lle': '1.57', 'sei': '9.66'}",CHEMBL428787,,CHEMBL428787,7.05,0,http://www.openphacts.org/units/Nanomolar,696373,=,1,1,=,,IC50,nM,,90.0,CHEMBL6069,Mycobacterium tuberculosis,Pantothenate synthetase,1773,,,IC50,nM,UO_0000065,,90.0
,,2156150,[],CHEMBL935788,Inhibition of Mycobacterium tuberculosis pantothenate synthetase,B,,,BAO_0000190,BAO_0000357,single protein format,CC(C)(C)C1CCc2onc(C(=O)Nc3cnn(Cc4ccccc4I)c3)c2C1,,,CHEMBL1142415,J Med Chem,2008,"{'bei': '13.47', 'le': '0.32', 'lle': '1.87', 'sei': '9.32'}",CHEMBL260779,,CHEMBL260779,6.80,0,http://www.openphacts.org/units/Nanomolar,696372,=,1,1,=,,IC50,nM,,160.0,CHEMBL6069,Mycobacterium tuberculosis,Pantothenate synthetase,1773,,,IC50,nM,UO_0000065,,160.0
,,2156151,[],CHEMBL935788,Inhibition of Mycobacterium tuberculosis pantothenate synthetase,B,,,BAO_0000190,BAO_0000357,single protein format,CC(C)(C)C1CCc2onc(C(=O)Nc3cnn(Cc4ccc(Cl)cc4)c3)c2C1,,,CHEMBL1142415,J Med Chem,2008,"{'bei': '16.60', 'le': '0.32', 'lle': '1.87', 'sei': '9.40'}",CHEMBL258966,,CHEMBL258966,6.85,0,http://www.openphacts.org/units/Nanomolar,696371,=,1,1,=,,IC50,nM,,140.0,CHEMBL6069,Mycobacterium tuberculosis,Pantothenate synthetase,1773,,,IC50,nM,UO_0000065,,140.0
,,2156152,[],CHEMBL935788,Inhibition of Mycobacterium tuberculosis pantothenate synthetase,B,,,BAO_0000190,BAO_0000357,single protein format,CC(C)(C)C1CCc2onc(C(=O)Nc3cnn(Cc4ccccc4Br)c3)c2C1,,,CHEMBL1142415,J Med Chem,2008,"{'bei': '14.99', 'le': '0.32', 'lle': '1.76', 'sei': '9.40'}",CHEMBL409940,,CHEMBL409940,6.85,0,http://www.openphacts.org/units/Nanomolar,696370,=,1,1,=,,IC50,nM,,140.0,CHEMBL6069,Mycobacterium tuberculosis,Pantothenate synthetase,1773,,,IC50,nM,UO_0000065,,140.0
,,2156153,[],CHEMBL935788,Inhibition of Mycobacterium tuberculosis pantothenate synthetase,B,,,BAO_0000190,BAO_0000357,single protein format,CC(C)(C)C1CCc2onc(C(=O)Nc3cnn(Cc4ccccc4)c3)c2C1,,,CHEMBL1142415,J Med Chem,2008,"{'bei': '18.53', 'le': '0.34', 'lle': '2.69', 'sei': '9.61'}",CHEMBL408197,,CHEMBL408197,7.01,0,http://www.openphacts.org/units/Nanomolar,696369,=,1,1,=,,IC50,nM,,97.0,CHEMBL6069,Mycobacterium tuberculosis,Pantothenate synthetase,1773,,,IC50,nM,UO_0000065,,97.0
,Not Determined,2156154,[],CHEMBL935788,Inhibition of Mycobacterium tuberculosis pantothenate synthetase,B,,,BAO_0000190,BAO_0000357,single protein format,O=C(Nc1cnn(Cc2ccc(Cl)cc2Cl)c1)c1noc2c1CCCC2,,,CHEMBL1142415,J Med Chem,2008,,CHEMBL410533,,CHEMBL410533,,0,,696368,,1,0,,,IC50,,,,CHEMBL6069,Mycobacterium tuberculosis,Pantothenate synthetase,1773,,,IC50,,,,
,,2156155,[],CHEMBL935788,Inhibition of Mycobacterium tuberculosis pantothenate synthetase,B,,,BAO_0000190,BAO_0000357,single protein format,CC(C)(C)C1CCc2onc(C(=O)Nc3cnn(Cc4ccc(F)cc4)c3)c2C1,,,CHEMBL1142415,J Med Chem,2008,"{'bei': '17.21', 'le': '0.32', 'lle': '2.36', 'sei': '9.35'}",CHEMBL259507,,CHEMBL259507,6.82,0,http://www.openphacts.org/units/Nanomolar,696367,=,1,1,=,,IC50,nM,,150.0,CHEMBL6069,Mycobacterium tuberculosis,Pantothenate synthetase,1773,,,IC50,nM,UO_0000065,,150.0
,,2156190,[],CHEMBL935788,Inhibition of Mycobacterium tuberculosis pantothenate synthetase,B,,,BAO_0000190,BAO_0000357,single protein format,CC(C)(C)C1CCc2onc(C(=O)Nc3cn[nH]c3)c2C1,,,CHEMBL1142415,J Med Chem,2008,"{'bei': '14.62', 'le': '0.27', 'lle': '1.41', 'sei': '5.03'}",CHEMBL260609,,CHEMBL260609,4.21,0,http://www.openphacts.org/units/Nanomolar,696383,=,1,1,=,,IC50,nM,,61000.0,CHEMBL6069,Mycobacterium tuberculosis,Pantothenate synthetase,1773,,,IC50,nM,UO_0000065,,61000.0
,,6254690,[],CHEMBL1799372,Inhibition of Mycobacterium tuberculosis pantothenate synthetase by high throughput screening method,B,,,BAO_0000190,BAO_0000357,single protein format,Cc1c2oc3c(C)ccc(C(=O)N[C@@H]4C(=O)N[C@H](C(C)C)C(=O)N5CCC[C@H]5C(=O)N(C)CC(=O)N(C)[C@@H](C(C)C)C(=O)O[C@@H]4C)c3nc-2c(C(=O)N[C@@H]2C(=O)N[C@H](C(C)C)C(=O)N3CCC[C@H]3C(=O)N(C)CC(=O)N(C)[C@@H](C(C)C)C(=O)O[C@@H]2C)c(N)c1=O,Outside typical range,"Values for this activity type are unusually large/small, so may not be accurate",CHEMBL1795340,Bioorg Med Chem Lett,2011,,CHEMBL1554,DACTINOMYCIN,CHEMBL1554,,0,http://www.openphacts.org/units/Nanomolar,1437627,=,1,1,=,,IC50,nM,,250720.0,CHEMBL6069,Mycobacterium tuberculosis,Pantothenate synthetase,1773,,,IC50,uM,UO_0000065,,250.72
,,6254691,[],CHEMBL1799372,Inhibition of Mycobacterium tuberculosis pantothenate synthetase by high throughput screening method,B,,,BAO_0000190,BAO_0000357,single protein format,CCN(CC)CCOC(=O)C(Cc1cccc2ccccc12)CC1CCCO1.O=C(O)C(=O)O,Outside typical range,"Values for this activity type are unusually large/small, so may not be accurate",CHEMBL1795340,Bioorg Med Chem Lett,2011,,CHEMBL1439099,NAFRONYL OXALATE,CHEMBL1620794,,0,http://www.openphacts.org/units/Nanomolar,1437628,=,1,1,=,,IC50,nM,,398390.0,CHEMBL6069,Mycobacterium tuberculosis,Pantothenate synthetase,1773,,,IC50,uM,UO_0000065,,398.39
,,6254696,[],CHEMBL1799372,Inhibition of Mycobacterium tuberculosis pantothenate synthetase by high throughput screening method,B,,,BAO_0000190,BAO_0000357,single protein format,COC(=O)c1cc2c(OCc3ccccc3)cc(N)cc2[nH]1,,,CHEMBL1795340,Bioorg Med Chem Lett,2011,"{'bei': '15.69', 'le': '0.29', 'lle': '1.53', 'sei': '6.01'}",CHEMBL1797249,,CHEMBL1797249,4.65,0,http://www.openphacts.org/units/Nanomolar,1437630,=,1,1,=,,IC50,nM,,22440.0,CHEMBL6069,Mycobacterium tuberculosis,Pantothenate synthetase,1773,,,IC50,uM,UO_0000065,,22.44
,,13473179,[],CHEMBL2439101,Inhibition of Mycobacterium tuberculosis pantothenate synthetase,B,,,BAO_0000190,BAO_0000357,single protein format,Cc1c2oc3c(C)ccc(C(=O)N[C@@H]4C(=O)N[C@H](C(C)C)C(=O)N5CCC[C@H]5C(=O)N(C)CC(=O)N(C)[C@@H](C(C)C)C(=O)O[C@@H]4C)c3nc-2c(C(=O)N[C@@H]2C(=O)N[C@H](C(C)C)C(=O)N3CCC[C@H]3C(=O)N(C)CC(=O)N(C)[C@@H](C(C)C)C(=O)O[C@@H]2C)c(N)c1=O,Outside typical range,"Values for this activity type are unusually large/small, so may not be accurate",CHEMBL2434961,Eur J Med Chem,2013,,CHEMBL1554,DACTINOMYCIN,CHEMBL1554,,1,http://www.openphacts.org/units/Nanomolar,1924015,=,1,1,=,,IC50,nM,,250720.0,CHEMBL6069,Mycobacterium tuberculosis,Pantothenate synthetase,1773,,,IC50,uM,UO_0000065,,250.72
,,13473264,[],CHEMBL2439105,"Inhibition of Mycobacterium tuberculosis pantothenate synthetase cloned in Escherichia coli BL21 (DE3) using ATP, beta-alanine, pantoic acid as substrate assessed as NAD+ production measured every 12 secs for 120 secs by spectrophotometric analysis",B,,,BAO_0000190,BAO_0000357,single protein format,CC(C)(C)OC(=O)N1CCc2[nH]nc(-c3ccccc3)c2C1,,,CHEMBL2434961,Eur J Med Chem,2013,"{'bei': '15.57', 'le': '0.29', 'lle': '1.29', 'sei': '8.01'}",CHEMBL2435653,,CHEMBL2435653,4.66,0,http://www.openphacts.org/units/Nanomolar,1924013,=,1,1,=,,IC50,nM,,21800.0,CHEMBL6069,Mycobacterium tuberculosis,Pantothenate synthetase,1773,,,IC50,uM,UO_0000065,,21.8
,,13473265,[],CHEMBL2439105,"Inhibition of Mycobacterium tuberculosis pantothenate synthetase cloned in Escherichia coli BL21 (DE3) using ATP, beta-alanine, pantoic acid as substrate assessed as NAD+ production measured every 12 secs for 120 secs by spectrophotometric analysis",B,,,BAO_0000190,BAO_0000357,single protein format,CC(=O)c1ccc(S(=O)(=O)N2CCc3c(c(-c4ccccc4)nn3C(=O)c3ccccc3)C2)cc1,,,CHEMBL2434961,Eur J Med Chem,2013,"{'bei': '9.08', 'le': '0.17', 'lle': '0.22', 'sei': '4.93'}",CHEMBL2435683,,CHEMBL2435683,4.41,0,http://www.openphacts.org/units/Nanomolar,1924047,=,1,1,=,,IC50,nM,,39100.0,CHEMBL6069,Mycobacterium tuberculosis,Pantothenate synthetase,1773,,,IC50,uM,UO_0000065,,39.1
,,13473266,[],CHEMBL2439105,"Inhibition of Mycobacterium tuberculosis pantothenate synthetase cloned in Escherichia coli BL21 (DE3) using ATP, beta-alanine, pantoic acid as substrate assessed as NAD+ production measured every 12 secs for 120 secs by spectrophotometric analysis",B,,,BAO_0000190,BAO_0000357,single protein format,O=C(c1ccccc1)n1nc(-c2ccccc2)c2c1CCN(S(=O)(=O)c1ccc(F)cc1)C2,,,CHEMBL2434961,Eur J Med Chem,2013,"{'bei': '9.56', 'le': '0.18', 'lle': '0.29', 'sei': '6.11'}",CHEMBL2435681,,CHEMBL2435681,4.41,0,http://www.openphacts.org/units/Nanomolar,1924045,=,1,1,=,,IC50,nM,,38600.0,CHEMBL6069,Mycobacterium tuberculosis,Pantothenate synthetase,1773,,,IC50,uM,UO_0000065,,38.6
,,13473267,[],CHEMBL2439105,"Inhibition of Mycobacterium tuberculosis pantothenate synthetase cloned in Escherichia coli BL21 (DE3) using ATP, beta-alanine, pantoic acid as substrate assessed as NAD+ production measured every 12 secs for 120 secs by spectrophotometric analysis",B,,,BAO_0000190,BAO_0000357,single protein format,O=C(Nc1cccc2ccccc12)N1CCc2c(c(-c3ccccc3)nn2C(=O)c2ccccc2)C1,,,CHEMBL2434961,Eur J Med Chem,2013,"{'bei': '9.35', 'le': '0.17', 'lle': '-1.56', 'sei': '6.57'}",CHEMBL2435692,,CHEMBL2435692,4.42,0,http://www.openphacts.org/units/Nanomolar,1924056,=,1,1,=,,IC50,nM,,38200.0,CHEMBL6069,Mycobacterium tuberculosis,Pantothenate synthetase,1773,,,IC50,uM,UO_0000065,,38.2
,,13473268,[],CHEMBL2439105,"Inhibition of Mycobacterium tuberculosis pantothenate synthetase cloned in Escherichia coli BL21 (DE3) using ATP, beta-alanine, pantoic acid as substrate assessed as NAD+ production measured every 12 secs for 120 secs by spectrophotometric analysis",B,,,BAO_0000190,BAO_0000357,single protein format,O=C(Nc1ccc([N+](=O)[O-])cc1)N1CCc2c(c(-c3ccccc3)nn2C(=O)c2ccccc2)C1,,,CHEMBL2434961,Eur J Med Chem,2013,"{'bei': '9.97', 'le': '0.18', 'lle': '-0.08', 'sei': '4.22'}",CHEMBL2435688,,CHEMBL2435688,4.66,0,http://www.openphacts.org/units/Nanomolar,1924052,=,1,1,=,,IC50,nM,,21800.0,CHEMBL6069,Mycobacterium tuberculosis,Pantothenate synthetase,1773,,,IC50,uM,UO_0000065,,21.8
,,13473269,[],CHEMBL2439105,"Inhibition of Mycobacterium tuberculosis pantothenate synthetase cloned in Escherichia coli BL21 (DE3) using ATP, beta-alanine, pantoic acid as substrate assessed as NAD+ production measured every 12 secs for 120 secs by spectrophotometric analysis",B,,,BAO_0000190,BAO_0000357,single protein format,O=C(Nc1ccc(Br)cc1)N1CCc2c(c(-c3ccccc3)nn2C(=O)c2ccccc2)C1,,,CHEMBL2434961,Eur J Med Chem,2013,"{'bei': '8.15', 'le': '0.17', 'lle': '-1.50', 'sei': '6.08'}",CHEMBL2435686,,CHEMBL2435686,4.09,0,http://www.openphacts.org/units/Nanomolar,1924050,=,1,1,=,,IC50,nM,,82100.0,CHEMBL6069,Mycobacterium tuberculosis,Pantothenate synthetase,1773,,,IC50,uM,UO_0000065,,82.1
,,13936903,[],CHEMBL3123111,Inhibition of Mycobacterium tuberculosis pantothenate synthetase expressed in Escherichia coli BL21 (DE3),B,,,BAO_0000190,BAO_0000019,assay format,CC(=O)N1CCc2c(sc(NC(=O)c3cccs3)c2C(N)=O)C1,,,CHEMBL3120119,Bioorg Med Chem,2014,,CHEMBL3121934,,CHEMBL3121934,,0,http://www.openphacts.org/units/Nanomolar,1969970,>,1,1,>,,IC50,nM,,25000.0,CHEMBL6069,Mycobacterium tuberculosis,Pantothenate synthetase,1773,,,IC50,uM,UO_0000065,,25.0
,,13936904,[],CHEMBL3123111,Inhibition of Mycobacterium tuberculosis pantothenate synthetase expressed in Escherichia coli BL21 (DE3),B,,,BAO_0000190,BAO_0000019,assay format,CC[C@@H](CO)NCCN[C@@H](CC)CO,,,CHEMBL3120119,Bioorg Med Chem,2014,,CHEMBL44884,ETHAMBUTOL,CHEMBL44884,,0,http://www.openphacts.org/units/Nanomolar,1969969,>,1,1,>,,IC50,nM,,25000.0,CHEMBL6069,Mycobacterium tuberculosis,Pantothenate synthetase,1773,,,IC50,uM,UO_0000065,,25.0
,,13936905,[],CHEMBL3123111,Inhibition of Mycobacterium tuberculosis pantothenate synthetase expressed in Escherichia coli BL21 (DE3),B,,,BAO_0000190,BAO_0000019,assay format,NNC(=O)c1ccncc1,,,CHEMBL3120119,Bioorg Med Chem,2014,,CHEMBL64,ISONIAZID,CHEMBL64,,0,http://www.openphacts.org/units/Nanomolar,1969968,>,1,1,>,,IC50,nM,,25000.0,CHEMBL6069,Mycobacterium tuberculosis,Pantothenate synthetase,1773,,,IC50,uM,UO_0000065,,25.0
,,13936906,[],CHEMBL3123111,Inhibition of Mycobacterium tuberculosis pantothenate synthetase expressed in Escherichia coli BL21 (DE3),B,,,BAO_0000190,BAO_0000019,assay format,COc1ccc(S(=O)(=O)N2CCc3c(sc(NC(=O)c4ccc([N+](=O)[O-])o4)c3C(N)=O)C2)cc1,,,CHEMBL3120119,Bioorg Med Chem,2014,"{'bei': '9.26', 'le': '0.19', 'lle': '2.33', 'sei': '2.68'}",CHEMBL3121933,,CHEMBL3121933,4.69,0,http://www.openphacts.org/units/Nanomolar,1969967,=,1,1,=,,IC50,nM,,20330.0,CHEMBL6069,Mycobacterium tuberculosis,Pantothenate synthetase,1773,,,IC50,uM,UO_0000065,,20.33
,,13936907,[],CHEMBL3123111,Inhibition of Mycobacterium tuberculosis pantothenate synthetase expressed in Escherichia coli BL21 (DE3),B,,,BAO_0000190,BAO_0000019,assay format,CC(=O)c1ccc(S(=O)(=O)N2CCc3c(sc(NC(=O)c4ccc([N+](=O)[O-])o4)c3C(N)=O)C2)cc1,,,CHEMBL3120119,Bioorg Med Chem,2014,,CHEMBL3121932,,CHEMBL3121932,,0,http://www.openphacts.org/units/Nanomolar,1969966,>,1,1,>,,IC50,nM,,25000.0,CHEMBL6069,Mycobacterium tuberculosis,Pantothenate synthetase,1773,,,IC50,uM,UO_0000065,,25.0
,,13936908,[],CHEMBL3123111,Inhibition of Mycobacterium tuberculosis pantothenate synthetase expressed in Escherichia coli BL21 (DE3),B,,,BAO_0000190,BAO_0000019,assay format,NC(=O)c1c(NC(=O)c2ccc([N+](=O)[O-])o2)sc2c1CCN(S(=O)(=O)c1ccc([N+](=O)[O-])cc1)C2,,,CHEMBL3120119,Bioorg Med Chem,2014,,CHEMBL3121931,,CHEMBL3121931,,0,http://www.openphacts.org/units/Nanomolar,1969965,>,1,1,>,,IC50,nM,,25000.0,CHEMBL6069,Mycobacterium tuberculosis,Pantothenate synthetase,1773,,,IC50,uM,UO_0000065,,25.0
,,13936909,[],CHEMBL3123111,Inhibition of Mycobacterium tuberculosis pantothenate synthetase expressed in Escherichia coli BL21 (DE3),B,,,BAO_0000190,BAO_0000019,assay format,NC(=O)c1c(NC(=O)c2ccc([N+](=O)[O-])o2)sc2c1CCN(S(=O)(=O)c1ccc(Br)cc1)C2,,,CHEMBL3120119,Bioorg Med Chem,2014,,CHEMBL3121930,,CHEMBL3121930,,0,http://www.openphacts.org/units/Nanomolar,1969964,>,1,1,>,,IC50,nM,,25000.0,CHEMBL6069,Mycobacterium tuberculosis,Pantothenate synthetase,1773,,,IC50,uM,UO_0000065,,25.0
,,13936910,[],CHEMBL3123111,Inhibition of Mycobacterium tuberculosis pantothenate synthetase expressed in Escherichia coli BL21 (DE3),B,,,BAO_0000190,BAO_0000019,assay format,NC(=O)c1c(NC(=O)c2ccc([N+](=O)[O-])o2)sc2c1CCN(S(=O)(=O)c1ccc(F)cc1)C2,,,CHEMBL3120119,Bioorg Med Chem,2014,"{'bei': '9.62', 'le': '0.20', 'lle': '2.27', 'sei': '2.87'}",CHEMBL3121929,,CHEMBL3121929,4.75,0,http://www.openphacts.org/units/Nanomolar,1969963,=,1,1,=,,IC50,nM,,17560.0,CHEMBL6069,Mycobacterium tuberculosis,Pantothenate synthetase,1773,,,IC50,uM,UO_0000065,,17.56
,,13936911,[],CHEMBL3123111,Inhibition of Mycobacterium tuberculosis pantothenate synthetase expressed in Escherichia coli BL21 (DE3),B,,,BAO_0000190,BAO_0000019,assay format,NC(=O)c1c(NC(=O)c2ccc([N+](=O)[O-])o2)sc2c1CCN(C(=S)NCc1ccccc1)C2,,,CHEMBL3120119,Bioorg Med Chem,2014,"{'bei': '9.82', 'le': '0.20', 'lle': '1.74', 'sei': '3.32'}",CHEMBL3121928,,CHEMBL3121928,4.77,0,http://www.openphacts.org/units/Nanomolar,1969962,=,1,1,=,,IC50,nM,,17020.0,CHEMBL6069,Mycobacterium tuberculosis,Pantothenate synthetase,1773,,,IC50,uM,UO_0000065,,17.02
,,13936912,[],CHEMBL3123111,Inhibition of Mycobacterium tuberculosis pantothenate synthetase expressed in Escherichia coli BL21 (DE3),B,,,BAO_0000190,BAO_0000019,assay format,NC(=O)c1c(NC(=O)c2ccc([N+](=O)[O-])o2)sc2c1CCN(C(=S)Nc1ccc([N+](=O)[O-])cc1)C2,,,CHEMBL3120119,Bioorg Med Chem,2014,"{'bei': '9.15', 'le': '0.18', 'lle': '1.47', 'sei': '2.53'}",CHEMBL3121927,,CHEMBL3121927,4.73,0,http://www.openphacts.org/units/Nanomolar,1969961,=,1,1,=,,IC50,nM,,18720.0,CHEMBL6069,Mycobacterium tuberculosis,Pantothenate synthetase,1773,,,IC50,uM,UO_0000065,,18.72
,,13936913,[],CHEMBL3123111,Inhibition of Mycobacterium tuberculosis pantothenate synthetase expressed in Escherichia coli BL21 (DE3),B,,,BAO_0000190,BAO_0000019,assay format,NC(=O)c1c(NC(=O)c2ccc([N+](=O)[O-])o2)sc2c1CCN(C(=S)Nc1ccc(Cl)cc1)C2,,,CHEMBL3120119,Bioorg Med Chem,2014,"{'bei': '9.32', 'le': '0.20', 'lle': '0.71', 'sei': '3.28'}",CHEMBL3121926,,CHEMBL3121926,4.72,0,http://www.openphacts.org/units/Nanomolar,1969960,=,1,1,=,,IC50,nM,,19160.0,CHEMBL6069,Mycobacterium tuberculosis,Pantothenate synthetase,1773,,,IC50,uM,UO_0000065,,19.16
,,13936914,[],CHEMBL3123111,Inhibition of Mycobacterium tuberculosis pantothenate synthetase expressed in Escherichia coli BL21 (DE3),B,,,BAO_0000190,BAO_0000019,assay format,NC(=O)c1c(NC(=O)c2ccc([N+](=O)[O-])o2)sc2c1CCN(C(=S)Nc1ccc(F)cc1)C2,,,CHEMBL3120119,Bioorg Med Chem,2014,"{'bei': '9.56', 'le': '0.19', 'lle': '1.19', 'sei': '3.26'}",CHEMBL3121925,,CHEMBL3121925,4.68,0,http://www.openphacts.org/units/Nanomolar,1969959,=,1,1,=,,IC50,nM,,20860.0,CHEMBL6069,Mycobacterium tuberculosis,Pantothenate synthetase,1773,,,IC50,uM,UO_0000065,,20.86
,,13936915,[],CHEMBL3123111,Inhibition of Mycobacterium tuberculosis pantothenate synthetase expressed in Escherichia coli BL21 (DE3),B,,,BAO_0000190,BAO_0000019,assay format,COc1ccc(NC(=O)N2CCc3c(sc(NC(=O)c4ccc([N+](=O)[O-])o4)c3C(N)=O)C2)cc1,,,CHEMBL3120119,Bioorg Med Chem,2014,"{'bei': '9.93', 'le': '0.19', 'lle': '1.62', 'sei': '2.84'}",CHEMBL3121924,,CHEMBL3121924,4.82,0,http://www.openphacts.org/units/Nanomolar,1969958,=,1,1,=,,IC50,nM,,15060.0,CHEMBL6069,Mycobacterium tuberculosis,Pantothenate synthetase,1773,,,IC50,uM,UO_0000065,,15.06
,,13936916,[],CHEMBL3123111,Inhibition of Mycobacterium tuberculosis pantothenate synthetase expressed in Escherichia coli BL21 (DE3),B,,,BAO_0000190,BAO_0000019,assay format,NC(=O)c1c(NC(=O)c2ccc([N+](=O)[O-])o2)sc2c1CCN(C(=O)NCc1ccccc1)C2,,,CHEMBL3120119,Bioorg Med Chem,2014,"{'bei': '10.33', 'le': '0.20', 'lle': '1.98', 'sei': '3.02'}",CHEMBL3121950,,CHEMBL3121950,4.85,0,http://www.openphacts.org/units/Nanomolar,1969986,=,1,1,=,,IC50,nM,,14080.0,CHEMBL6069,Mycobacterium tuberculosis,Pantothenate synthetase,1773,,,IC50,uM,UO_0000065,,14.08
,,13936917,[],CHEMBL3123111,Inhibition of Mycobacterium tuberculosis pantothenate synthetase expressed in Escherichia coli BL21 (DE3),B,,,BAO_0000190,BAO_0000019,assay format,NC(=O)c1c(NC(=O)c2ccc([N+](=O)[O-])o2)sc2c1CCN(C(=O)Nc1ccc([N+](=O)[O-])cc1)C2,,,CHEMBL3120119,Bioorg Med Chem,2014,"{'bei': '9.40', 'le': '0.18', 'lle': '1.60', 'sei': '2.31'}",CHEMBL3121949,,CHEMBL3121949,4.70,0,http://www.openphacts.org/units/Nanomolar,1969985,=,1,1,=,,IC50,nM,,19790.0,CHEMBL6069,Mycobacterium tuberculosis,Pantothenate synthetase,1773,,,IC50,uM,UO_0000065,,19.79
,,13936918,[],CHEMBL3123111,Inhibition of Mycobacterium tuberculosis pantothenate synthetase expressed in Escherichia coli BL21 (DE3),B,,,BAO_0000190,BAO_0000019,assay format,NC(=O)c1c(NC(=O)c2ccc([N+](=O)[O-])o2)sc2c1CCN(C(=O)Nc1ccc(Cl)cc1)C2,,,CHEMBL3120119,Bioorg Med Chem,2014,,CHEMBL3121948,,CHEMBL3121948,,0,http://www.openphacts.org/units/Nanomolar,1969984,>,1,1,>,,IC50,nM,,25000.0,CHEMBL6069,Mycobacterium tuberculosis,Pantothenate synthetase,1773,,,IC50,uM,UO_0000065,,25.0
,,13936919,[],CHEMBL3123111,Inhibition of Mycobacterium tuberculosis pantothenate synthetase expressed in Escherichia coli BL21 (DE3),B,,,BAO_0000190,BAO_0000019,assay format,COc1ccc(S(=O)(=O)N2CCc3c(sc(NC(=O)c4ccc([N+](=O)[O-])s4)c3C(N)=O)C2)cc1,,,CHEMBL3120119,Bioorg Med Chem,2014,"{'bei': '9.03', 'le': '0.19', 'lle': '1.90', 'sei': '2.91'}",CHEMBL3121947,,CHEMBL3121947,4.72,0,http://www.openphacts.org/units/Nanomolar,1969983,=,1,1,=,,IC50,nM,,19050.0,CHEMBL6069,Mycobacterium tuberculosis,Pantothenate synthetase,1773,,,IC50,uM,UO_0000065,,19.05
,,13936920,[],CHEMBL3123111,Inhibition of Mycobacterium tuberculosis pantothenate synthetase expressed in Escherichia coli BL21 (DE3),B,,,BAO_0000190,BAO_0000019,assay format,CC(=O)c1ccc(S(=O)(=O)N2CCc3c(sc(NC(=O)c4ccc([N+](=O)[O-])s4)c3C(N)=O)C2)cc1,,,CHEMBL3120119,Bioorg Med Chem,2014,,CHEMBL3121946,,CHEMBL3121946,,0,http://www.openphacts.org/units/Nanomolar,1969982,>,1,1,>,,IC50,nM,,25000.0,CHEMBL6069,Mycobacterium tuberculosis,Pantothenate synthetase,1773,,,IC50,uM,UO_0000065,,25.0
,,13936921,[],CHEMBL3123111,Inhibition of Mycobacterium tuberculosis pantothenate synthetase expressed in Escherichia coli BL21 (DE3),B,,,BAO_0000190,BAO_0000019,assay format,NC(=O)c1c(NC(=O)c2ccc([N+](=O)[O-])s2)sc2c1CCN(S(=O)(=O)c1ccc([N+](=O)[O-])cc1)C2,,,CHEMBL3120119,Bioorg Med Chem,2014,"{'bei': '9.73', 'le': '0.20', 'lle': '2.51', 'sei': '2.67'}",CHEMBL3121945,,CHEMBL3121945,5.23,0,http://www.openphacts.org/units/Nanomolar,1969981,=,1,1,=,,IC50,nM,,5870.0,CHEMBL6069,Mycobacterium tuberculosis,Pantothenate synthetase,1773,,,IC50,uM,UO_0000065,,5.87
,,13936922,[],CHEMBL3123111,Inhibition of Mycobacterium tuberculosis pantothenate synthetase expressed in Escherichia coli BL21 (DE3),B,,,BAO_0000190,BAO_0000019,assay format,NC(=O)c1c(NC(=O)c2ccc([N+](=O)[O-])s2)sc2c1CCN(S(=O)(=O)c1ccc(Br)cc1)C2,,,CHEMBL3120119,Bioorg Med Chem,2014,"{'bei': '8.48', 'le': '0.20', 'lle': '1.27', 'sei': '3.17'}",CHEMBL3121944,,CHEMBL3121944,4.85,0,http://www.openphacts.org/units/Nanomolar,1969980,=,1,1,=,,IC50,nM,,14220.0,CHEMBL6069,Mycobacterium tuberculosis,Pantothenate synthetase,1773,,,IC50,uM,UO_0000065,,14.22
,,13936923,[],CHEMBL3123111,Inhibition of Mycobacterium tuberculosis pantothenate synthetase expressed in Escherichia coli BL21 (DE3),B,,,BAO_0000190,BAO_0000019,assay format,NC(=O)c1c(NC(=O)c2ccc([N+](=O)[O-])s2)sc2c1CCN(S(=O)(=O)c1ccc(F)cc1)C2,,,CHEMBL3120119,Bioorg Med Chem,2014,"{'bei': '9.66', 'le': '0.20', 'lle': '1.97', 'sei': '3.23'}",CHEMBL3121943,,CHEMBL3121943,4.93,0,http://www.openphacts.org/units/Nanomolar,1969979,=,1,1,=,,IC50,nM,,11720.0,CHEMBL6069,Mycobacterium tuberculosis,Pantothenate synthetase,1773,,,IC50,uM,UO_0000065,,11.72
,,13936924,[],CHEMBL3123111,Inhibition of Mycobacterium tuberculosis pantothenate synthetase expressed in Escherichia coli BL21 (DE3),B,,,BAO_0000190,BAO_0000019,assay format,NC(=O)c1c(NC(=O)c2ccc([N+](=O)[O-])s2)sc2c1CCN(C(=S)NCc1ccccc1)C2,,,CHEMBL3120119,Bioorg Med Chem,2014,"{'bei': '9.72', 'le': '0.20', 'lle': '1.38', 'sei': '3.74'}",CHEMBL3121942,,CHEMBL3121942,4.88,0,http://www.openphacts.org/units/Nanomolar,1969978,=,1,1,=,,IC50,nM,,13240.0,CHEMBL6069,Mycobacterium tuberculosis,Pantothenate synthetase,1773,,,IC50,uM,UO_0000065,,13.24
,,13936925,[],CHEMBL3123111,Inhibition of Mycobacterium tuberculosis pantothenate synthetase expressed in Escherichia coli BL21 (DE3),B,,,BAO_0000190,BAO_0000019,assay format,NC(=O)c1c(NC(=O)c2ccc([N+](=O)[O-])s2)sc2c1CCN(C(=S)Nc1ccc([N+](=O)[O-])cc1)C2,,,CHEMBL3120119,Bioorg Med Chem,2014,"{'bei': '9.46', 'le': '0.20', 'lle': '1.31', 'sei': '2.90'}",CHEMBL3121941,,CHEMBL3121941,5.04,0,http://www.openphacts.org/units/Nanomolar,1969977,=,1,1,=,,IC50,nM,,9110.0,CHEMBL6069,Mycobacterium tuberculosis,Pantothenate synthetase,1773,,,IC50,uM,UO_0000065,,9.11
,,13936926,[],CHEMBL3123111,Inhibition of Mycobacterium tuberculosis pantothenate synthetase expressed in Escherichia coli BL21 (DE3),B,,,BAO_0000190,BAO_0000019,assay format,NC(=O)c1c(NC(=O)c2ccc([N+](=O)[O-])s2)sc2c1CCN(C(=S)Nc1ccc(Cl)cc1)C2,,,CHEMBL3120119,Bioorg Med Chem,2014,"{'bei': '9.97', 'le': '0.22', 'lle': '0.72', 'sei': '3.98'}",CHEMBL3121940,,CHEMBL3121940,5.20,0,http://www.openphacts.org/units/Nanomolar,1969976,=,1,1,=,,IC50,nM,,6280.0,CHEMBL6069,Mycobacterium tuberculosis,Pantothenate synthetase,1773,,,IC50,uM,UO_0000065,,6.28
,,13936927,[],CHEMBL3123111,Inhibition of Mycobacterium tuberculosis pantothenate synthetase expressed in Escherichia coli BL21 (DE3),B,,,BAO_0000190,BAO_0000019,assay format,NC(=O)c1c(NC(=O)c2ccc([N+](=O)[O-])s2)sc2c1CCN(C(=S)Nc1ccc(F)cc1)C2,,,CHEMBL3120119,Bioorg Med Chem,2014,"{'bei': '9.88', 'le': '0.21', 'lle': '1.03', 'sei': '3.82'}",CHEMBL3121939,,CHEMBL3121939,4.99,0,http://www.openphacts.org/units/Nanomolar,1969975,=,1,1,=,,IC50,nM,,10160.0,CHEMBL6069,Mycobacterium tuberculosis,Pantothenate synthetase,1773,,,IC50,uM,UO_0000065,,10.16
,,13936928,[],CHEMBL3123111,Inhibition of Mycobacterium tuberculosis pantothenate synthetase expressed in Escherichia coli BL21 (DE3),B,,,BAO_0000190,BAO_0000019,assay format,COc1ccc(NC(=O)N2CCc3c(sc(NC(=O)c4ccc([N+](=O)[O-])s4)c3C(N)=O)C2)cc1,,,CHEMBL3120119,Bioorg Med Chem,2014,"{'bei': '9.65', 'le': '0.19', 'lle': '1.17', 'sei': '3.08'}",CHEMBL3121938,,CHEMBL3121938,4.84,0,http://www.openphacts.org/units/Nanomolar,1969974,=,1,1,=,,IC50,nM,,14500.0,CHEMBL6069,Mycobacterium tuberculosis,Pantothenate synthetase,1773,,,IC50,uM,UO_0000065,,14.5
,,13936929,[],CHEMBL3123111,Inhibition of Mycobacterium tuberculosis pantothenate synthetase expressed in Escherichia coli BL21 (DE3),B,,,BAO_0000190,BAO_0000019,assay format,NC(=O)c1c(NC(=O)c2ccc([N+](=O)[O-])s2)sc2c1CCN(C(=O)NCc1ccccc1)C2,,,CHEMBL3120119,Bioorg Med Chem,2014,"{'bei': '9.76', 'le': '0.20', 'lle': '1.40', 'sei': '3.21'}",CHEMBL3121937,,CHEMBL3121937,4.74,0,http://www.openphacts.org/units/Nanomolar,1969973,=,1,1,=,,IC50,nM,,18160.0,CHEMBL6069,Mycobacterium tuberculosis,Pantothenate synthetase,1773,,,IC50,uM,UO_0000065,,18.16
,,13936930,[],CHEMBL3123111,Inhibition of Mycobacterium tuberculosis pantothenate synthetase expressed in Escherichia coli BL21 (DE3),B,,,BAO_0000190,BAO_0000019,assay format,NC(=O)c1c(NC(=O)c2ccc([N+](=O)[O-])s2)sc2c1CCN(C(=O)Nc1ccc([N+](=O)[O-])cc1)C2,,,CHEMBL3120119,Bioorg Med Chem,2014,"{'bei': '9.71', 'le': '0.20', 'lle': '1.44', 'sei': '2.63'}",CHEMBL3121936,,CHEMBL3121936,5.01,0,http://www.openphacts.org/units/Nanomolar,1969972,=,1,1,=,,IC50,nM,,9680.0,CHEMBL6069,Mycobacterium tuberculosis,Pantothenate synthetase,1773,,,IC50,uM,UO_0000065,,9.68
,,13936931,[],CHEMBL3123111,Inhibition of Mycobacterium tuberculosis pantothenate synthetase expressed in Escherichia coli BL21 (DE3),B,,,BAO_0000190,BAO_0000019,assay format,NC(=O)c1c(NC(=O)c2ccc([N+](=O)[O-])s2)sc2c1CCN(C(=O)Nc1ccc(Cl)cc1)C2,,,CHEMBL3120119,Bioorg Med Chem,2014,"{'bei': '9.86', 'le': '0.21', 'lle': '0.68', 'sei': '3.38'}",CHEMBL3121935,,CHEMBL3121935,4.99,0,http://www.openphacts.org/units/Nanomolar,1969971,=,1,1,=,,IC50,nM,,10220.0,CHEMBL6069,Mycobacterium tuberculosis,Pantothenate synthetase,1773,,,IC50,uM,UO_0000065,,10.22
,,15040891,[],CHEMBL3365136,Inhibition of Mycobacterium tuberculosis pantothenate synthetase expressed in Escherichia coli BL21 (DE3) by spectrophotometry,B,,,BAO_0000190,BAO_0000019,assay format,Cc1nc2ccccn2c1C(=O)N/N=C/c1ccc(OCc2ccccc2)cc1,,,CHEMBL3351510,Bioorg Med Chem,2014,"{'bei': '13.71', 'le': '0.25', 'lle': '1.28', 'sei': '7.75'}",CHEMBL3310309,,CHEMBL3310309,5.27,0,http://www.openphacts.org/units/Nanomolar,2273777,=,1,1,=,,IC50,nM,,5370.0,CHEMBL6069,Mycobacterium tuberculosis,Pantothenate synthetase,1773,,,IC50,uM,UO_0000065,,5.37
,,15040892,[],CHEMBL3365136,Inhibition of Mycobacterium tuberculosis pantothenate synthetase expressed in Escherichia coli BL21 (DE3) by spectrophotometry,B,,,BAO_0000190,BAO_0000019,assay format,COc1ccc(/C=N/NC(=O)c2c(C)nc3ccccn23)cc1,,,CHEMBL3351510,Bioorg Med Chem,2014,"{'bei': '16.85', 'le': '0.31', 'lle': '2.78', 'sei': '7.64'}",CHEMBL3310308,,CHEMBL3310308,5.20,0,http://www.openphacts.org/units/Nanomolar,2273776,=,1,1,=,,IC50,nM,,6370.0,CHEMBL6069,Mycobacterium tuberculosis,Pantothenate synthetase,1773,,,IC50,uM,UO_0000065,,6.37
,,15040893,[],CHEMBL3365136,Inhibition of Mycobacterium tuberculosis pantothenate synthetase expressed in Escherichia coli BL21 (DE3) by spectrophotometry,B,,,BAO_0000190,BAO_0000019,assay format,Cc1nc2ccccn2c1C(=O)N/N=C/c1ccc(O)cc1,,,CHEMBL3351510,Bioorg Med Chem,2014,"{'bei': '17.42', 'le': '0.32', 'lle': '3.02', 'sei': '6.49'}",CHEMBL3310307,,CHEMBL3310307,5.13,0,http://www.openphacts.org/units/Nanomolar,2273775,=,1,1,=,,IC50,nM,,7490.0,CHEMBL6069,Mycobacterium tuberculosis,Pantothenate synthetase,1773,,,IC50,uM,UO_0000065,,7.49
,,15040894,[],CHEMBL3365136,Inhibition of Mycobacterium tuberculosis pantothenate synthetase expressed in Escherichia coli BL21 (DE3) by spectrophotometry,B,,,BAO_0000190,BAO_0000019,assay format,Cc1nc2ccccn2c1C(=O)N/N=C/c1ccc([N+](=O)[O-])cc1,,,CHEMBL3351510,Bioorg Med Chem,2014,,CHEMBL3212161,,CHEMBL3212161,,0,http://www.openphacts.org/units/Nanomolar,2273774,>,1,1,>,,IC50,nM,,25000.0,CHEMBL6069,Mycobacterium tuberculosis,Pantothenate synthetase,1773,,,IC50,uM,UO_0000065,,25.0
,,15040895,[],CHEMBL3365136,Inhibition of Mycobacterium tuberculosis pantothenate synthetase expressed in Escherichia coli BL21 (DE3) by spectrophotometry,B,,,BAO_0000190,BAO_0000019,assay format,Cc1nc2ccccn2c1C(=O)N/N=C/c1ccc(C(F)(F)F)cc1,,,CHEMBL3351510,Bioorg Med Chem,2014,"{'bei': '14.69', 'le': '0.28', 'lle': '1.66', 'sei': '8.66'}",CHEMBL3310306,,CHEMBL3310306,5.09,0,http://www.openphacts.org/units/Nanomolar,2273773,=,1,1,=,,IC50,nM,,8180.0,CHEMBL6069,Mycobacterium tuberculosis,Pantothenate synthetase,1773,,,IC50,uM,UO_0000065,,8.18
,,15040896,[],CHEMBL3365136,Inhibition of Mycobacterium tuberculosis pantothenate synthetase expressed in Escherichia coli BL21 (DE3) by spectrophotometry,B,,,BAO_0000190,BAO_0000019,assay format,Cc1nc2ccccn2c1C(=O)N/N=C/c1ccc(F)cc1,,,CHEMBL3351510,Bioorg Med Chem,2014,"{'bei': '18.30', 'le': '0.34', 'lle': '2.87', 'sei': '9.23'}",CHEMBL3207709,,CHEMBL3207709,5.42,0,http://www.openphacts.org/units/Nanomolar,2273772,=,1,1,=,,IC50,nM,,3770.0,CHEMBL6069,Mycobacterium tuberculosis,Pantothenate synthetase,1773,,,IC50,uM,UO_0000065,,3.77
,,15040897,[],CHEMBL3365136,Inhibition of Mycobacterium tuberculosis pantothenate synthetase expressed in Escherichia coli BL21 (DE3) by spectrophotometry,B,,,BAO_0000190,BAO_0000019,assay format,Cc1nc2ccccn2c1C(=O)N/N=C/c1ccc(Br)cc1,,,CHEMBL3351510,Bioorg Med Chem,2014,"{'bei': '14.99', 'le': '0.33', 'lle': '2.18', 'sei': '9.11'}",CHEMBL3310305,,CHEMBL3310305,5.35,0,http://www.openphacts.org/units/Nanomolar,2273771,=,1,1,=,,IC50,nM,,4430.0,CHEMBL6069,Mycobacterium tuberculosis,Pantothenate synthetase,1773,,,IC50,uM,UO_0000065,,4.43
,,15040898,[],CHEMBL3365136,Inhibition of Mycobacterium tuberculosis pantothenate synthetase expressed in Escherichia coli BL21 (DE3) by spectrophotometry,B,,,BAO_0000190,BAO_0000019,assay format,Cc1nc2ccccn2c1C(=O)N/N=C/c1ccccc1,,,CHEMBL3351510,Bioorg Med Chem,2014,"{'bei': '19.09', 'le': '0.35', 'lle': '2.90', 'sei': '9.04'}",CHEMBL3199732,,CHEMBL3199732,5.31,0,http://www.openphacts.org/units/Nanomolar,2273770,=,1,1,=,,IC50,nM,,4860.0,CHEMBL6069,Mycobacterium tuberculosis,Pantothenate synthetase,1773,,,IC50,uM,UO_0000065,,4.86
,,15040899,[],CHEMBL3365136,Inhibition of Mycobacterium tuberculosis pantothenate synthetase expressed in Escherichia coli BL21 (DE3) by spectrophotometry,B,,,BAO_0000190,BAO_0000019,assay format,Cc1nc2ccccn2c1C(=O)NNC(=O)c1ccc(Oc2ccccc2)cc1,,,CHEMBL3351510,Bioorg Med Chem,2014,"{'bei': '13.31', 'le': '0.24', 'lle': '1.63', 'sei': '6.07'}",CHEMBL3310304,,CHEMBL3310304,5.14,0,http://www.openphacts.org/units/Nanomolar,2273769,=,1,1,=,,IC50,nM,,7220.0,CHEMBL6069,Mycobacterium tuberculosis,Pantothenate synthetase,1773,,,IC50,uM,UO_0000065,,7.22
,,15040900,[],CHEMBL3365136,Inhibition of Mycobacterium tuberculosis pantothenate synthetase expressed in Escherichia coli BL21 (DE3) by spectrophotometry,B,,,BAO_0000190,BAO_0000019,assay format,COc1ccccc1C(=O)NNC(=O)c1c(C)nc2ccccn12,,,CHEMBL3351510,Bioorg Med Chem,2014,"{'bei': '15.68', 'le': '0.29', 'lle': '3.36', 'sei': '6.00'}",CHEMBL3310303,,CHEMBL3310303,5.09,0,http://www.openphacts.org/units/Nanomolar,2273768,=,1,1,=,,IC50,nM,,8210.0,CHEMBL6069,Mycobacterium tuberculosis,Pantothenate synthetase,1773,,,IC50,uM,UO_0000065,,8.21
,,15040901,[],CHEMBL3365136,Inhibition of Mycobacterium tuberculosis pantothenate synthetase expressed in Escherichia coli BL21 (DE3) by spectrophotometry,B,,,BAO_0000190,BAO_0000019,assay format,Cc1ccc(C(=O)NNC(=O)c2c(C)nc3ccccn23)cc1,,,CHEMBL3351510,Bioorg Med Chem,2014,"{'bei': '17.76', 'le': '0.33', 'lle': '3.44', 'sei': '7.25'}",CHEMBL3310302,,CHEMBL3310302,5.47,0,http://www.openphacts.org/units/Nanomolar,2273767,=,1,1,=,,IC50,nM,,3350.0,CHEMBL6069,Mycobacterium tuberculosis,Pantothenate synthetase,1773,,,IC50,uM,UO_0000065,,3.35
,,15040902,[],CHEMBL3365136,Inhibition of Mycobacterium tuberculosis pantothenate synthetase expressed in Escherichia coli BL21 (DE3) by spectrophotometry,B,,,BAO_0000190,BAO_0000019,assay format,Cc1nc2ccccn2c1C(=O)NNC(=O)c1ccc(Cl)cc1Cl,,,CHEMBL3351510,Bioorg Med Chem,2014,"{'bei': '14.56', 'le': '0.30', 'lle': '2.27', 'sei': '7.01'}",CHEMBL3309272,,CHEMBL3309272,5.29,0,http://www.openphacts.org/units/Nanomolar,2273766,=,1,1,=,,IC50,nM,,5130.0,CHEMBL6069,Mycobacterium tuberculosis,Pantothenate synthetase,1773,,,IC50,uM,UO_0000065,,5.13
,,15040903,[],CHEMBL3365136,Inhibition of Mycobacterium tuberculosis pantothenate synthetase expressed in Escherichia coli BL21 (DE3) by spectrophotometry,B,,,BAO_0000190,BAO_0000019,assay format,Cc1nc2ccccn2c1C(=O)NNC(=O)c1cc([N+](=O)[O-])cc([N+](=O)[O-])c1,,,CHEMBL3351510,Bioorg Med Chem,2014,"{'bei': '13.50', 'le': '0.25', 'lle': '3.66', 'sei': '3.21'}",CHEMBL3310301,,CHEMBL3310301,5.19,0,http://www.openphacts.org/units/Nanomolar,2273765,=,1,1,=,,IC50,nM,,6480.0,CHEMBL6069,Mycobacterium tuberculosis,Pantothenate synthetase,1773,,,IC50,uM,UO_0000065,,6.48
,,15040904,[],CHEMBL3365136,Inhibition of Mycobacterium tuberculosis pantothenate synthetase expressed in Escherichia coli BL21 (DE3) by spectrophotometry,B,,,BAO_0000190,BAO_0000019,assay format,Cc1nc2ccccn2c1C(=O)NNC(=O)c1cccc([N+](=O)[O-])c1,,,CHEMBL3351510,Bioorg Med Chem,2014,"{'bei': '14.84', 'le': '0.28', 'lle': '3.41', 'sei': '4.24'}",CHEMBL3310300,,CHEMBL3310300,5.04,0,http://www.openphacts.org/units/Nanomolar,2273764,=,1,1,=,,IC50,nM,,9200.0,CHEMBL6069,Mycobacterium tuberculosis,Pantothenate synthetase,1773,,,IC50,uM,UO_0000065,,9.2
,,15040905,[],CHEMBL3365136,Inhibition of Mycobacterium tuberculosis pantothenate synthetase expressed in Escherichia coli BL21 (DE3) by spectrophotometry,B,,,BAO_0000190,BAO_0000019,assay format,Cc1nc2ccccn2c1C(=O)NNC(=O)c1ccco1,,,CHEMBL3351510,Bioorg Med Chem,2014,"{'bei': '17.76', 'le': '0.33', 'lle': '3.74', 'sei': '5.70'}",CHEMBL3310299,,CHEMBL3310299,5.05,0,http://www.openphacts.org/units/Nanomolar,2273763,=,1,1,=,,IC50,nM,,8930.0,CHEMBL6069,Mycobacterium tuberculosis,Pantothenate synthetase,1773,,,IC50,uM,UO_0000065,,8.93
,,15040906,[],CHEMBL3365136,Inhibition of Mycobacterium tuberculosis pantothenate synthetase expressed in Escherichia coli BL21 (DE3) by spectrophotometry,B,,,BAO_0000190,BAO_0000019,assay format,Cc1nc2ccccn2c1C(=O)NNC(=O)C1CCCCC1,,,CHEMBL3351510,Bioorg Med Chem,2014,"{'bei': '17.02', 'le': '0.32', 'lle': '3.13', 'sei': '6.77'}",CHEMBL3309663,,CHEMBL3309663,5.11,0,http://www.openphacts.org/units/Nanomolar,2273762,=,1,1,=,,IC50,nM,,7700.0,CHEMBL6069,Mycobacterium tuberculosis,Pantothenate synthetase,1773,,,IC50,uM,UO_0000065,,7.7
,,15040907,[],CHEMBL3365136,Inhibition of Mycobacterium tuberculosis pantothenate synthetase expressed in Escherichia coli BL21 (DE3) by spectrophotometry,B,,,BAO_0000190,BAO_0000019,assay format,Cc1nc2ccccn2c1C(=O)NNC(=O)c1cccc2ccccc12,,,CHEMBL3351510,Bioorg Med Chem,2014,"{'bei': '16.61', 'le': '0.30', 'lle': '2.85', 'sei': '7.58'}",CHEMBL3309662,,CHEMBL3309662,5.72,0,http://www.openphacts.org/units/Nanomolar,2273761,=,1,1,=,,IC50,nM,,1900.0,CHEMBL6069,Mycobacterium tuberculosis,Pantothenate synthetase,1773,,,IC50,uM,UO_0000065,,1.9
,,15040908,[],CHEMBL3365136,Inhibition of Mycobacterium tuberculosis pantothenate synthetase expressed in Escherichia coli BL21 (DE3) by spectrophotometry,B,,,BAO_0000190,BAO_0000019,assay format,Cc1nc2ccccn2c1C(=O)NNC(=O)c1ccccc1,,,CHEMBL3351510,Bioorg Med Chem,2014,"{'bei': '18.52', 'le': '0.34', 'lle': '3.73', 'sei': '7.22'}",CHEMBL3309661,,CHEMBL3309661,5.45,0,http://www.openphacts.org/units/Nanomolar,2273760,=,1,1,=,,IC50,nM,,3540.0,CHEMBL6069,Mycobacterium tuberculosis,Pantothenate synthetase,1773,,,IC50,uM,UO_0000065,,3.54
,,15040909,[],CHEMBL3365136,Inhibition of Mycobacterium tuberculosis pantothenate synthetase expressed in Escherichia coli BL21 (DE3) by spectrophotometry,B,,,BAO_0000190,BAO_0000019,assay format,COc1cc(/C=N/NC(=O)c2c(C)nc3ccccn23)cc(OC)c1OC,,,CHEMBL3351510,Bioorg Med Chem,2014,"{'bei': '13.98', 'le': '0.26', 'lle': '2.72', 'sei': '5.96'}",CHEMBL3310310,,CHEMBL3310310,5.15,0,http://www.openphacts.org/units/Nanomolar,2273778,=,1,1,=,,IC50,nM,,7050.0,CHEMBL6069,Mycobacterium tuberculosis,Pantothenate synthetase,1773,,,IC50,uM,UO_0000065,,7.05
,,15040910,[],CHEMBL3365136,Inhibition of Mycobacterium tuberculosis pantothenate synthetase expressed in Escherichia coli BL21 (DE3) by spectrophotometry,B,,,BAO_0000190,BAO_0000019,assay format,Cc1ccc(/C=N/NC(=O)c2c(C)nc3ccccn23)cc1,,,CHEMBL3351510,Bioorg Med Chem,2014,"{'bei': '17.54', 'le': '0.32', 'lle': '2.41', 'sei': '8.73'}",CHEMBL3310311,,CHEMBL3310311,5.13,0,http://www.openphacts.org/units/Nanomolar,2273779,=,1,1,=,,IC50,nM,,7460.0,CHEMBL6069,Mycobacterium tuberculosis,Pantothenate synthetase,1773,,,IC50,uM,UO_0000065,,7.46
,,15040911,[],CHEMBL3365136,Inhibition of Mycobacterium tuberculosis pantothenate synthetase expressed in Escherichia coli BL21 (DE3) by spectrophotometry,B,,,BAO_0000190,BAO_0000019,assay format,Cc1nc2ccccn2c1C(=O)Nc1ccccc1,,,CHEMBL3351510,Bioorg Med Chem,2014,"{'bei': '19.47', 'le': '0.35', 'lle': '1.99', 'sei': '10.54'}",CHEMBL3310312,,CHEMBL3310312,4.89,0,http://www.openphacts.org/units/Nanomolar,2273780,=,1,1,=,,IC50,nM,,12830.0,CHEMBL6069,Mycobacterium tuberculosis,Pantothenate synthetase,1773,,,IC50,uM,UO_0000065,,12.83
,,15040912,[],CHEMBL3365136,Inhibition of Mycobacterium tuberculosis pantothenate synthetase expressed in Escherichia coli BL21 (DE3) by spectrophotometry,B,,,BAO_0000190,BAO_0000019,assay format,Cc1nc2ccccn2c1C(=O)NCc1ccccc1,,,CHEMBL3351510,Bioorg Med Chem,2014,"{'bei': '20.96', 'le': '0.38', 'lle': '2.99', 'sei': '11.99'}",CHEMBL2098049,,CHEMBL2098049,5.56,0,http://www.openphacts.org/units/Nanomolar,2273781,=,1,1,=,,IC50,nM,,2740.0,CHEMBL6069,Mycobacterium tuberculosis,Pantothenate synthetase,1773,,,IC50,uM,UO_0000065,,2.74
,,15040913,[],CHEMBL3365136,Inhibition of Mycobacterium tuberculosis pantothenate synthetase expressed in Escherichia coli BL21 (DE3) by spectrophotometry,B,,,BAO_0000190,BAO_0000019,assay format,Cc1nc2ccccn2c1C(=O)NCCc1ccccc1,,,CHEMBL3351510,Bioorg Med Chem,2014,"{'bei': '18.75', 'le': '0.34', 'lle': '2.62', 'sei': '11.29'}",CHEMBL3310313,,CHEMBL3310313,5.24,0,http://www.openphacts.org/units/Nanomolar,2273782,=,1,1,=,,IC50,nM,,5770.0,CHEMBL6069,Mycobacterium tuberculosis,Pantothenate synthetase,1773,,,IC50,uM,UO_0000065,,5.77
,,15040914,[],CHEMBL3365136,Inhibition of Mycobacterium tuberculosis pantothenate synthetase expressed in Escherichia coli BL21 (DE3) by spectrophotometry,B,,,BAO_0000190,BAO_0000019,assay format,Cc1nc2ccccn2c1C(=O)NC1CCCCC1,,,CHEMBL3351510,Bioorg Med Chem,2014,"{'bei': '22.15', 'le': '0.41', 'lle': '2.99', 'sei': '12.29'}",CHEMBL1487172,,CHEMBL1487172,5.70,0,http://www.openphacts.org/units/Nanomolar,2273783,=,1,1,=,,IC50,nM,,1990.0,CHEMBL6069,Mycobacterium tuberculosis,Pantothenate synthetase,1773,,,IC50,uM,UO_0000065,,1.99
,,15040915,[],CHEMBL3365136,Inhibition of Mycobacterium tuberculosis pantothenate synthetase expressed in Escherichia coli BL21 (DE3) by spectrophotometry,B,,,BAO_0000190,BAO_0000019,assay format,Cc1nc2ccccn2c1C(=O)Nc1ccccn1,,,CHEMBL3351510,Bioorg Med Chem,2014,,CHEMBL3310314,,CHEMBL3310314,,0,http://www.openphacts.org/units/Nanomolar,2273784,>,1,1,>,,IC50,nM,,25000.0,CHEMBL6069,Mycobacterium tuberculosis,Pantothenate synthetase,1773,,,IC50,uM,UO_0000065,,25.0
,,15040916,[],CHEMBL3365136,Inhibition of Mycobacterium tuberculosis pantothenate synthetase expressed in Escherichia coli BL21 (DE3) by spectrophotometry,B,,,BAO_0000190,BAO_0000019,assay format,Cc1nc2ccccn2c1C(=O)NCc1ccco1,,,CHEMBL3351510,Bioorg Med Chem,2014,"{'bei': '21.75', 'le': '0.40', 'lle': '3.38', 'sei': '9.32'}",CHEMBL3310315,,CHEMBL3310315,5.55,0,http://www.openphacts.org/units/Nanomolar,2273785,=,1,1,=,,IC50,nM,,2810.0,CHEMBL6069,Mycobacterium tuberculosis,Pantothenate synthetase,1773,,,IC50,uM,UO_0000065,,2.81
,,15040917,[],CHEMBL3365136,Inhibition of Mycobacterium tuberculosis pantothenate synthetase expressed in Escherichia coli BL21 (DE3) by spectrophotometry,B,,,BAO_0000190,BAO_0000019,assay format,Cc1nc2ccccn2c1C(=O)Nc1ccc(Br)cc1,,,CHEMBL3351510,Bioorg Med Chem,2014,"{'bei': '15.62', 'le': '0.35', 'lle': '1.50', 'sei': '11.12'}",CHEMBL3310316,,CHEMBL3310316,5.16,0,http://www.openphacts.org/units/Nanomolar,2273786,=,1,1,=,,IC50,nM,,6950.0,CHEMBL6069,Mycobacterium tuberculosis,Pantothenate synthetase,1773,,,IC50,uM,UO_0000065,,6.95
,,15040918,[],CHEMBL3365136,Inhibition of Mycobacterium tuberculosis pantothenate synthetase expressed in Escherichia coli BL21 (DE3) by spectrophotometry,B,,,BAO_0000190,BAO_0000019,assay format,Cc1nc2ccccn2c1C(=O)Nc1ccc(Cl)cc1,,,CHEMBL3351510,Bioorg Med Chem,2014,"{'bei': '19.55', 'le': '0.38', 'lle': '2.04', 'sei': '12.04'}",CHEMBL1569394,,CHEMBL1569394,5.58,0,http://www.openphacts.org/units/Nanomolar,2273787,=,1,1,=,,IC50,nM,,2600.0,CHEMBL6069,Mycobacterium tuberculosis,Pantothenate synthetase,1773,,,IC50,uM,UO_0000065,,2.6
,,15040919,[],CHEMBL3365136,Inhibition of Mycobacterium tuberculosis pantothenate synthetase expressed in Escherichia coli BL21 (DE3) by spectrophotometry,B,,,BAO_0000190,BAO_0000019,assay format,Cc1nc2ccccn2c1C(=O)Nc1cccc(C(F)(F)F)c1,,,CHEMBL3351510,Bioorg Med Chem,2014,"{'bei': '16.14', 'le': '0.31', 'lle': '1.24', 'sei': '11.11'}",CHEMBL3310317,,CHEMBL3310317,5.15,0,http://www.openphacts.org/units/Nanomolar,2273788,=,1,1,=,,IC50,nM,,7010.0,CHEMBL6069,Mycobacterium tuberculosis,Pantothenate synthetase,1773,,,IC50,uM,UO_0000065,,7.01
,,15040920,[],CHEMBL3365136,Inhibition of Mycobacterium tuberculosis pantothenate synthetase expressed in Escherichia coli BL21 (DE3) by spectrophotometry,B,,,BAO_0000190,BAO_0000019,assay format,CCOc1ccc(NC(=O)c2c(C)nc3ccccn23)cc1,,,CHEMBL3351510,Bioorg Med Chem,2014,,CHEMBL3310318,,CHEMBL3310318,,0,http://www.openphacts.org/units/Nanomolar,2273789,>,1,1,>,,IC50,nM,,25000.0,CHEMBL6069,Mycobacterium tuberculosis,Pantothenate synthetase,1773,,,IC50,uM,UO_0000065,,25.0
,,15040921,[],CHEMBL3365136,Inhibition of Mycobacterium tuberculosis pantothenate synthetase expressed in Escherichia coli BL21 (DE3) by spectrophotometry,B,,,BAO_0000190,BAO_0000019,assay format,NNC(=O)c1ccncc1,,,CHEMBL3351510,Bioorg Med Chem,2014,,CHEMBL64,ISONIAZID,CHEMBL64,,1,http://www.openphacts.org/units/Nanomolar,2273790,>,1,1,>,,IC50,nM,,25000.0,CHEMBL6069,Mycobacterium tuberculosis,Pantothenate synthetase,1773,,,IC50,uM,UO_0000065,,25.0
,,15040922,[],CHEMBL3365136,Inhibition of Mycobacterium tuberculosis pantothenate synthetase expressed in Escherichia coli BL21 (DE3) by spectrophotometry,B,,,BAO_0000190,BAO_0000019,assay format,CC[C@@H](CO)NCCN[C@@H](CC)CO,,,CHEMBL3351510,Bioorg Med Chem,2014,,CHEMBL44884,ETHAMBUTOL,CHEMBL44884,,1,http://www.openphacts.org/units/Nanomolar,2273791,>,1,1,>,,IC50,nM,,25000.0,CHEMBL6069,Mycobacterium tuberculosis,Pantothenate synthetase,1773,,,IC50,uM,UO_0000065,,25.0
,,15040923,[],CHEMBL3365136,Inhibition of Mycobacterium tuberculosis pantothenate synthetase expressed in Escherichia coli BL21 (DE3) by spectrophotometry,B,,,BAO_0000190,BAO_0000019,assay format,Cc1ccc2nc(C)c(C(=O)NCc3cccs3)n2c1,,,CHEMBL3351510,Bioorg Med Chem,2014,"{'bei': '17.84', 'le': '0.35', 'lle': '2.15', 'sei': '10.97'}",CHEMBL2097958,,CHEMBL2097958,5.09,0,http://www.openphacts.org/units/Nanomolar,2273792,=,1,1,=,,IC50,nM,,8120.0,CHEMBL6069,Mycobacterium tuberculosis,Pantothenate synthetase,1773,,,IC50,uM,UO_0000065,,8.12
,,16436490,[],CHEMBL3756998,Inhibition of Mycobacterium tuberculosis pantothenate synthetase,B,,,BAO_0000190,BAO_0000357,single protein format,NC(=O)c1c(NC(=O)c2ccc([N+](=O)[O-])s2)sc2c1CCN(Cc1ccccc1)C2,,,CHEMBL3751688,Bioorg Med Chem Lett,2016,,CHEMBL3752173,,CHEMBL3752173,,0,http://www.openphacts.org/units/MicrogramPerMilliliter,2744916,=,1,1,=,,IC50,ug.mL-1,,0.5,CHEMBL6069,Mycobacterium tuberculosis,Pantothenate synthetase,1773,,,IC50,ug ml-1,UO_0000274,,0.5
,,16471540,[],CHEMBL3766329,Inhibition of Mycobacterium tuberculosis pantothenate synthetase using pantoic acid as substrate and beta-alanine as reactant assessed as NAD+ formation by spectrophotmetry in presence of NADH,B,,,BAO_0000190,BAO_0000357,single protein format,Cc1nc2sc3ccccc3n2c1C(=O)NNC(=O)c1cccc2ccccc12,,,CHEMBL3763117,Bioorg Med Chem,2016,"{'bei': '14.63', 'le': '0.28', 'lle': '1.77', 'sei': '7.76'}",CHEMBL3763254,,CHEMBL3763254,5.86,0,http://www.openphacts.org/units/Nanomolar,2756832,=,1,1,=,,IC50,nM,,1390.0,CHEMBL6069,Mycobacterium tuberculosis,Pantothenate synthetase,1773,,,IC50,uM,UO_0000065,,1.39
,,16471541,[],CHEMBL3766329,Inhibition of Mycobacterium tuberculosis pantothenate synthetase using pantoic acid as substrate and beta-alanine as reactant assessed as NAD+ formation by spectrophotmetry in presence of NADH,B,,,BAO_0000190,BAO_0000357,single protein format,Cc1nc2sc3ccccc3n2c1C(=O)NNC(=O)c1ccc(Oc2ccccc2)cc1,,,CHEMBL3763117,Bioorg Med Chem,2016,"{'bei': '14.18', 'le': '0.27', 'lle': '1.56', 'sei': '7.41'}",CHEMBL3764865,,CHEMBL3764865,6.28,0,http://www.openphacts.org/units/Nanomolar,2756831,=,1,1,=,,IC50,nM,,530.0,CHEMBL6069,Mycobacterium tuberculosis,Pantothenate synthetase,1773,,,IC50,uM,UO_0000065,,0.53
,,16471542,[],CHEMBL3766329,Inhibition of Mycobacterium tuberculosis pantothenate synthetase using pantoic acid as substrate and beta-alanine as reactant assessed as NAD+ formation by spectrophotmetry in presence of NADH,B,,,BAO_0000190,BAO_0000357,single protein format,Cc1ccc(C(=O)NNC(=O)c2c(C)nc3sc4ccccc4n23)cc1,,,CHEMBL3763117,Bioorg Med Chem,2016,"{'bei': '14.36', 'le': '0.27', 'lle': '1.99', 'sei': '6.93'}",CHEMBL3764695,,CHEMBL3764695,5.23,0,http://www.openphacts.org/units/Nanomolar,2756830,=,1,1,=,,IC50,nM,,5830.0,CHEMBL6069,Mycobacterium tuberculosis,Pantothenate synthetase,1773,,,IC50,uM,UO_0000065,,5.83
,,16471543,[],CHEMBL3766329,Inhibition of Mycobacterium tuberculosis pantothenate synthetase using pantoic acid as substrate and beta-alanine as reactant assessed as NAD+ formation by spectrophotmetry in presence of NADH,B,,,BAO_0000190,BAO_0000357,single protein format,Cc1nc2sc3ccccc3n2c1C(=O)NNC(=O)c1ccccc1,,,CHEMBL3763117,Bioorg Med Chem,2016,"{'bei': '17.01', 'le': '0.33', 'lle': '3.03', 'sei': '7.89'}",CHEMBL3763613,,CHEMBL3763613,5.96,0,http://www.openphacts.org/units/Nanomolar,2756829,=,1,1,=,,IC50,nM,,1100.0,CHEMBL6069,Mycobacterium tuberculosis,Pantothenate synthetase,1773,,,IC50,uM,UO_0000065,,1.1
,,16471544,[],CHEMBL3766329,Inhibition of Mycobacterium tuberculosis pantothenate synthetase using pantoic acid as substrate and beta-alanine as reactant assessed as NAD+ formation by spectrophotmetry in presence of NADH,B,,,BAO_0000190,BAO_0000357,single protein format,Cc1nc2sccn2c1C(=O)NNC(=O)C1CCCCC1,,,CHEMBL3763117,Bioorg Med Chem,2016,"{'bei': '17.20', 'le': '0.34', 'lle': '3.22', 'sei': '6.98'}",CHEMBL3764150,,CHEMBL3764150,5.27,0,http://www.openphacts.org/units/Nanomolar,2756828,=,1,1,=,,IC50,nM,,5380.0,CHEMBL6069,Mycobacterium tuberculosis,Pantothenate synthetase,1773,,,IC50,uM,UO_0000065,,5.38
,,16471545,[],CHEMBL3766329,Inhibition of Mycobacterium tuberculosis pantothenate synthetase using pantoic acid as substrate and beta-alanine as reactant assessed as NAD+ formation by spectrophotmetry in presence of NADH,B,,,BAO_0000190,BAO_0000357,single protein format,Cc1nc2sccn2c1C(=O)NNC(=O)c1cccc2ccccc12,,,CHEMBL3763117,Bioorg Med Chem,2016,"{'bei': '17.68', 'le': '0.34', 'lle': '3.26', 'sei': '8.20'}",CHEMBL3765314,,CHEMBL3765314,6.19,0,http://www.openphacts.org/units/Nanomolar,2756827,=,1,1,=,,IC50,nM,,640.0,CHEMBL6069,Mycobacterium tuberculosis,Pantothenate synthetase,1773,,,IC50,uM,UO_0000065,,0.64
,,16471546,[],CHEMBL3766329,Inhibition of Mycobacterium tuberculosis pantothenate synthetase using pantoic acid as substrate and beta-alanine as reactant assessed as NAD+ formation by spectrophotmetry in presence of NADH,B,,,BAO_0000190,BAO_0000357,single protein format,Cc1nc2sccn2c1C(=O)NNC(=O)c1ccc(Oc2ccccc2)cc1,,,CHEMBL3763117,Bioorg Med Chem,2016,"{'bei': '15.06', 'le': '0.29', 'lle': '2.34', 'sei': '6.98'}",CHEMBL3763438,,CHEMBL3763438,5.91,0,http://www.openphacts.org/units/Nanomolar,2756826,=,1,1,=,,IC50,nM,,1230.0,CHEMBL6069,Mycobacterium tuberculosis,Pantothenate synthetase,1773,,,IC50,uM,UO_0000065,,1.23
,,16471547,[],CHEMBL3766329,Inhibition of Mycobacterium tuberculosis pantothenate synthetase using pantoic acid as substrate and beta-alanine as reactant assessed as NAD+ formation by spectrophotmetry in presence of NADH,B,,,BAO_0000190,BAO_0000357,single protein format,Cc1ccc(C(=O)NNC(=O)c2c(C)nc3sccn23)cc1,,,CHEMBL3763117,Bioorg Med Chem,2016,"{'bei': '16.87', 'le': '0.33', 'lle': '3.21', 'sei': '7.02'}",CHEMBL3764470,,CHEMBL3764470,5.30,0,http://www.openphacts.org/units/Nanomolar,2756825,=,1,1,=,,IC50,nM,,4990.0,CHEMBL6069,Mycobacterium tuberculosis,Pantothenate synthetase,1773,,,IC50,uM,UO_0000065,,4.99
,,16471548,[],CHEMBL3766329,Inhibition of Mycobacterium tuberculosis pantothenate synthetase using pantoic acid as substrate and beta-alanine as reactant assessed as NAD+ formation by spectrophotmetry in presence of NADH,B,,,BAO_0000190,BAO_0000357,single protein format,Cc1nc2sccn2c1C(=O)NNC(=O)c1ccccc1,,,CHEMBL3763117,Bioorg Med Chem,2016,"{'bei': '17.56', 'le': '0.34', 'lle': '3.49', 'sei': '6.99'}",CHEMBL3763961,,CHEMBL3763961,5.28,0,http://www.openphacts.org/units/Nanomolar,2756824,=,1,1,=,,IC50,nM,,5310.0,CHEMBL6069,Mycobacterium tuberculosis,Pantothenate synthetase,1773,,,IC50,uM,UO_0000065,,5.31
,,16471549,[],CHEMBL3766329,Inhibition of Mycobacterium tuberculosis pantothenate synthetase using pantoic acid as substrate and beta-alanine as reactant assessed as NAD+ formation by spectrophotmetry in presence of NADH,B,,,BAO_0000190,BAO_0000357,single protein format,Cc1nc2sc3ccccc3n2c1C(=O)NNC(=O)C1CCCCC1,,,CHEMBL3763117,Bioorg Med Chem,2016,"{'bei': '15.53', 'le': '0.30', 'lle': '2.34', 'sei': '7.33'}",CHEMBL3764636,,CHEMBL3764636,5.54,0,http://www.openphacts.org/units/Nanomolar,2756833,=,1,1,=,,IC50,nM,,2910.0,CHEMBL6069,Mycobacterium tuberculosis,Pantothenate synthetase,1773,,,IC50,uM,UO_0000065,,2.91
,,16471550,[],CHEMBL3766329,Inhibition of Mycobacterium tuberculosis pantothenate synthetase using pantoic acid as substrate and beta-alanine as reactant assessed as NAD+ formation by spectrophotmetry in presence of NADH,B,,,BAO_0000190,BAO_0000357,single protein format,Cc1nc2sccn2c1C(=O)N/N=C/c1ccc(Br)cc1,,,CHEMBL3763117,Bioorg Med Chem,2016,"{'bei': '16.30', 'le': '0.39', 'lle': '2.69', 'sei': '10.08'}",CHEMBL3764292,,CHEMBL3764292,5.92,0,http://www.openphacts.org/units/Nanomolar,2756834,=,1,1,=,,IC50,nM,,1200.0,CHEMBL6069,Mycobacterium tuberculosis,Pantothenate synthetase,1773,,,IC50,uM,UO_0000065,,1.2
,,16471551,[],CHEMBL3766329,Inhibition of Mycobacterium tuberculosis pantothenate synthetase using pantoic acid as substrate and beta-alanine as reactant assessed as NAD+ formation by spectrophotmetry in presence of NADH,B,,,BAO_0000190,BAO_0000357,single protein format,Cc1nc2sccn2c1C(=O)N/N=C/c1ccc(C(F)(F)F)cc1,,,CHEMBL3763117,Bioorg Med Chem,2016,"{'bei': '17.52', 'le': '0.35', 'lle': '2.68', 'sei': '10.51'}",CHEMBL3764614,,CHEMBL3764614,6.17,0,http://www.openphacts.org/units/Nanomolar,2756835,=,1,1,=,,IC50,nM,,670.0,CHEMBL6069,Mycobacterium tuberculosis,Pantothenate synthetase,1773,,,IC50,uM,UO_0000065,,0.67
,,16471552,[],CHEMBL3766329,Inhibition of Mycobacterium tuberculosis pantothenate synthetase using pantoic acid as substrate and beta-alanine as reactant assessed as NAD+ formation by spectrophotmetry in presence of NADH,B,,,BAO_0000190,BAO_0000357,single protein format,Cc1nc2sccn2c1C(=O)N/N=C/c1ccccc1,,,CHEMBL3763117,Bioorg Med Chem,2016,"{'bei': '21.93', 'le': '0.43', 'lle': '3.77', 'sei': '10.61'}",CHEMBL3763241,,CHEMBL3763241,6.24,0,http://www.openphacts.org/units/Nanomolar,2756836,=,1,1,=,,IC50,nM,,580.0,CHEMBL6069,Mycobacterium tuberculosis,Pantothenate synthetase,1773,,,IC50,uM,UO_0000065,,0.58
,,16471553,[],CHEMBL3766329,Inhibition of Mycobacterium tuberculosis pantothenate synthetase using pantoic acid as substrate and beta-alanine as reactant assessed as NAD+ formation by spectrophotmetry in presence of NADH,B,,,BAO_0000190,BAO_0000357,single protein format,COc1cc(/C=N/NC(=O)c2c(C)nc3sccn23)cc(OC)c1OC,,,CHEMBL3763117,Bioorg Med Chem,2016,"{'bei': '14.02', 'le': '0.28', 'lle': '2.76', 'sei': '6.07'}",CHEMBL3763789,,CHEMBL3763789,5.25,0,http://www.openphacts.org/units/Nanomolar,2756837,=,1,1,=,,IC50,nM,,5610.0,CHEMBL6069,Mycobacterium tuberculosis,Pantothenate synthetase,1773,,,IC50,uM,UO_0000065,,5.61
,,16471554,[],CHEMBL3766329,Inhibition of Mycobacterium tuberculosis pantothenate synthetase using pantoic acid as substrate and beta-alanine as reactant assessed as NAD+ formation by spectrophotmetry in presence of NADH,B,,,BAO_0000190,BAO_0000357,single protein format,Cc1nc2sccn2c1C(=O)N/N=C/c1ccc(N(C)C)cc1,,,CHEMBL3763117,Bioorg Med Chem,2016,"{'bei': '17.11', 'le': '0.33', 'lle': '3.07', 'sei': '9.04'}",CHEMBL3763895,,CHEMBL3763895,5.60,0,http://www.openphacts.org/units/Nanomolar,2756838,=,1,1,=,,IC50,nM,,2500.0,CHEMBL6069,Mycobacterium tuberculosis,Pantothenate synthetase,1773,,,IC50,uM,UO_0000065,,2.5
,,16471555,[],CHEMBL3766329,Inhibition of Mycobacterium tuberculosis pantothenate synthetase using pantoic acid as substrate and beta-alanine as reactant assessed as NAD+ formation by spectrophotmetry in presence of NADH,B,,,BAO_0000190,BAO_0000357,single protein format,Cc1nc2sc3ccccc3n2c1C(=O)N/N=C/c1ccc(Br)cc1,,,CHEMBL3763117,Bioorg Med Chem,2016,"{'bei': '14.50', 'le': '0.33', 'lle': '1.61', 'sei': '10.20'}",CHEMBL3763769,,CHEMBL3763769,5.99,0,http://www.openphacts.org/units/Nanomolar,2756839,=,1,1,=,,IC50,nM,,1020.0,CHEMBL6069,Mycobacterium tuberculosis,Pantothenate synthetase,1773,,,IC50,uM,UO_0000065,,1.02
,,16471556,[],CHEMBL3766329,Inhibition of Mycobacterium tuberculosis pantothenate synthetase using pantoic acid as substrate and beta-alanine as reactant assessed as NAD+ formation by spectrophotmetry in presence of NADH,B,,,BAO_0000190,BAO_0000357,single protein format,Cc1nc2sc3ccccc3n2c1C(=O)N/N=C/c1ccc(C(F)(F)F)cc1,,,CHEMBL3763117,Bioorg Med Chem,2016,"{'bei': '13.11', 'le': '0.26', 'lle': '0.63', 'sei': '8.98'}",CHEMBL3764964,,CHEMBL3764964,5.28,0,http://www.openphacts.org/units/Nanomolar,2756840,=,1,1,=,,IC50,nM,,5310.0,CHEMBL6069,Mycobacterium tuberculosis,Pantothenate synthetase,1773,,,IC50,uM,UO_0000065,,5.31
,,16471557,[],CHEMBL3766329,Inhibition of Mycobacterium tuberculosis pantothenate synthetase using pantoic acid as substrate and beta-alanine as reactant assessed as NAD+ formation by spectrophotmetry in presence of NADH,B,,,BAO_0000190,BAO_0000357,single protein format,Cc1nc2sc3ccccc3n2c1C(=O)N/N=C/c1ccccc1,,,CHEMBL3763117,Bioorg Med Chem,2016,"{'bei': '16.95', 'le': '0.32', 'lle': '2.05', 'sei': '9.65'}",CHEMBL3765594,,CHEMBL3765594,5.67,0,http://www.openphacts.org/units/Nanomolar,2756841,=,1,1,=,,IC50,nM,,2150.0,CHEMBL6069,Mycobacterium tuberculosis,Pantothenate synthetase,1773,,,IC50,uM,UO_0000065,,2.15
,,16471558,[],CHEMBL3766329,Inhibition of Mycobacterium tuberculosis pantothenate synthetase using pantoic acid as substrate and beta-alanine as reactant assessed as NAD+ formation by spectrophotmetry in presence of NADH,B,,,BAO_0000190,BAO_0000357,single protein format,COc1cc(/C=N/NC(=O)c2c(C)nc3sc4ccccc4n23)cc(OC)c1OC,,,CHEMBL3763117,Bioorg Med Chem,2016,"{'bei': '13.39', 'le': '0.26', 'lle': '2.03', 'sei': '6.57'}",CHEMBL3763344,,CHEMBL3763344,5.68,0,http://www.openphacts.org/units/Nanomolar,2756842,=,1,1,=,,IC50,nM,,2070.0,CHEMBL6069,Mycobacterium tuberculosis,Pantothenate synthetase,1773,,,IC50,uM,UO_0000065,,2.07
,,16471559,[],CHEMBL3766329,Inhibition of Mycobacterium tuberculosis pantothenate synthetase using pantoic acid as substrate and beta-alanine as reactant assessed as NAD+ formation by spectrophotmetry in presence of NADH,B,,,BAO_0000190,BAO_0000357,single protein format,Cc1nc2sc3ccccc3n2c1C(=O)N/N=C/c1ccc(N(C)C)cc1,,,CHEMBL3763117,Bioorg Med Chem,2016,"{'bei': '15.46', 'le': '0.30', 'lle': '2.15', 'sei': '9.41'}",CHEMBL3764019,,CHEMBL3764019,5.84,0,http://www.openphacts.org/units/Nanomolar,2756843,=,1,1,=,,IC50,nM,,1460.0,CHEMBL6069,Mycobacterium tuberculosis,Pantothenate synthetase,1773,,,IC50,uM,UO_0000065,,1.46
,,16471560,[],CHEMBL3766329,Inhibition of Mycobacterium tuberculosis pantothenate synthetase using pantoic acid as substrate and beta-alanine as reactant assessed as NAD+ formation by spectrophotmetry in presence of NADH,B,,,BAO_0000190,BAO_0000357,single protein format,Cc1nc2sccn2c1C(=O)Nc1ccc(Br)cc1,,,CHEMBL3763117,Bioorg Med Chem,2016,"{'bei': '18.33', 'le': '0.44', 'lle': '2.44', 'sei': '13.28'}",CHEMBL3764280,,CHEMBL3764280,6.16,0,http://www.openphacts.org/units/Nanomolar,2756844,=,1,1,=,,IC50,nM,,690.0,CHEMBL6069,Mycobacterium tuberculosis,Pantothenate synthetase,1773,,,IC50,uM,UO_0000065,,0.69
,,16471561,[],CHEMBL3766329,Inhibition of Mycobacterium tuberculosis pantothenate synthetase using pantoic acid as substrate and beta-alanine as reactant assessed as NAD+ formation by spectrophotmetry in presence of NADH,B,,,BAO_0000190,BAO_0000357,single protein format,Cc1nc2sccn2c1C(=O)Nc1ccccc1,,,CHEMBL3763117,Bioorg Med Chem,2016,"{'bei': '23.83', 'le': '0.47', 'lle': '3.17', 'sei': '13.21'}",CHEMBL3765736,,CHEMBL3765736,6.13,0,http://www.openphacts.org/units/Nanomolar,2756845,=,1,1,=,,IC50,nM,,740.0,CHEMBL6069,Mycobacterium tuberculosis,Pantothenate synthetase,1773,,,IC50,uM,UO_0000065,,0.74
,,16471562,[],CHEMBL3766329,Inhibition of Mycobacterium tuberculosis pantothenate synthetase using pantoic acid as substrate and beta-alanine as reactant assessed as NAD+ formation by spectrophotmetry in presence of NADH,B,,,BAO_0000190,BAO_0000357,single protein format,COc1ccc(NC(=O)c2c(C)nc3sccn23)cc1,,,CHEMBL3763117,Bioorg Med Chem,2016,"{'bei': '18.22', 'le': '0.36', 'lle': '2.26', 'sei': '9.41'}",CHEMBL3763563,,CHEMBL3763563,5.23,0,http://www.openphacts.org/units/Nanomolar,2756846,=,1,1,=,,IC50,nM,,5830.0,CHEMBL6069,Mycobacterium tuberculosis,Pantothenate synthetase,1773,,,IC50,uM,UO_0000065,,5.83
,,16471563,[],CHEMBL3766329,Inhibition of Mycobacterium tuberculosis pantothenate synthetase using pantoic acid as substrate and beta-alanine as reactant assessed as NAD+ formation by spectrophotmetry in presence of NADH,B,,,BAO_0000190,BAO_0000357,single protein format,Cc1nc2sccn2c1C(=O)NCc1ccccc1,,,CHEMBL3763117,Bioorg Med Chem,2016,"{'bei': '22.02', 'le': '0.43', 'lle': '3.34', 'sei': '12.88'}",CHEMBL3765386,,CHEMBL3765386,5.97,0,http://www.openphacts.org/units/Nanomolar,2756847,=,1,1,=,,IC50,nM,,1060.0,CHEMBL6069,Mycobacterium tuberculosis,Pantothenate synthetase,1773,,,IC50,uM,UO_0000065,,1.06
,,16471564,[],CHEMBL3766329,Inhibition of Mycobacterium tuberculosis pantothenate synthetase using pantoic acid as substrate and beta-alanine as reactant assessed as NAD+ formation by spectrophotmetry in presence of NADH,B,,,BAO_0000190,BAO_0000357,single protein format,Cc1nc2sccn2c1C(=O)NC1CCCCC1,,,CHEMBL3763117,Bioorg Med Chem,2016,"{'bei': '21.64', 'le': '0.43', 'lle': '2.93', 'sei': '12.28'}",CHEMBL3763965,,CHEMBL3763965,5.70,0,http://www.openphacts.org/units/Nanomolar,2756848,=,1,1,=,,IC50,nM,,2000.0,CHEMBL6069,Mycobacterium tuberculosis,Pantothenate synthetase,1773,,,IC50,uM,UO_0000065,,2.0
,,16471565,[],CHEMBL3766329,Inhibition of Mycobacterium tuberculosis pantothenate synthetase using pantoic acid as substrate and beta-alanine as reactant assessed as NAD+ formation by spectrophotmetry in presence of NADH,B,,,BAO_0000190,BAO_0000357,single protein format,Cc1nc2sc3ccccc3n2c1C(=O)Nc1ccc(Br)cc1,,,CHEMBL3763117,Bioorg Med Chem,2016,"{'bei': '16.27', 'le': '0.37', 'lle': '1.41', 'sei': '13.54'}",CHEMBL3765483,,CHEMBL3765483,6.28,0,http://www.openphacts.org/units/Nanomolar,2756849,=,1,1,=,,IC50,nM,,520.0,CHEMBL6069,Mycobacterium tuberculosis,Pantothenate synthetase,1773,,,IC50,uM,UO_0000065,,0.52
,,16471566,[],CHEMBL3766329,Inhibition of Mycobacterium tuberculosis pantothenate synthetase using pantoic acid as substrate and beta-alanine as reactant assessed as NAD+ formation by spectrophotmetry in presence of NADH,B,,,BAO_0000190,BAO_0000357,single protein format,Cc1nc2sc3ccccc3n2c1C(=O)Nc1ccccc1,,,CHEMBL3763117,Bioorg Med Chem,2016,"{'bei': '19.48', 'le': '0.37', 'lle': '1.88', 'sei': '12.90'}",CHEMBL3765612,,CHEMBL3765612,5.99,0,http://www.openphacts.org/units/Nanomolar,2756850,=,1,1,=,,IC50,nM,,1030.0,CHEMBL6069,Mycobacterium tuberculosis,Pantothenate synthetase,1773,,,IC50,uM,UO_0000065,,1.03
,,16471567,[],CHEMBL3766329,Inhibition of Mycobacterium tuberculosis pantothenate synthetase using pantoic acid as substrate and beta-alanine as reactant assessed as NAD+ formation by spectrophotmetry in presence of NADH,B,,,BAO_0000190,BAO_0000357,single protein format,CCOc1ccc(NC(=O)c2c(C)nc3sc4ccccc4n23)cc1,,,CHEMBL3763117,Bioorg Med Chem,2016,"{'bei': '16.16', 'le': '0.31', 'lle': '1.17', 'sei': '10.21'}",CHEMBL3765655,,CHEMBL3765655,5.68,0,http://www.openphacts.org/units/Nanomolar,2756851,=,1,1,=,,IC50,nM,,2100.0,CHEMBL6069,Mycobacterium tuberculosis,Pantothenate synthetase,1773,,,IC50,uM,UO_0000065,,2.1
,,16471568,[],CHEMBL3766329,Inhibition of Mycobacterium tuberculosis pantothenate synthetase using pantoic acid as substrate and beta-alanine as reactant assessed as NAD+ formation by spectrophotmetry in presence of NADH,B,,,BAO_0000190,BAO_0000357,single protein format,Cc1nc2sc3ccccc3n2c1C(=O)NCc1ccccc1,,,CHEMBL3763117,Bioorg Med Chem,2016,"{'bei': '18.90', 'le': '0.36', 'lle': '2.29', 'sei': '13.09'}",CHEMBL3764694,,CHEMBL3764694,6.08,0,http://www.openphacts.org/units/Nanomolar,2756852,=,1,1,=,,IC50,nM,,840.0,CHEMBL6069,Mycobacterium tuberculosis,Pantothenate synthetase,1773,,,IC50,uM,UO_0000065,,0.84
,,16471569,[],CHEMBL3766329,Inhibition of Mycobacterium tuberculosis pantothenate synthetase using pantoic acid as substrate and beta-alanine as reactant assessed as NAD+ formation by spectrophotmetry in presence of NADH,B,,,BAO_0000190,BAO_0000357,single protein format,Cc1nc2sc3ccccc3n2c1C(=O)NC1CCCCC1,,,CHEMBL3763117,Bioorg Med Chem,2016,"{'bei': '19.12', 'le': '0.37', 'lle': '2.07', 'sei': '12.91'}",CHEMBL3763165,,CHEMBL3763165,5.99,0,http://www.openphacts.org/units/Nanomolar,2756853,=,1,1,=,,IC50,nM,,1020.0,CHEMBL6069,Mycobacterium tuberculosis,Pantothenate synthetase,1773,,,IC50,uM,UO_0000065,,1.02
,,16471570,[],CHEMBL3766329,Inhibition of Mycobacterium tuberculosis pantothenate synthetase using pantoic acid as substrate and beta-alanine as reactant assessed as NAD+ formation by spectrophotmetry in presence of NADH,B,,,BAO_0000190,BAO_0000357,single protein format,NNC(=O)c1ccncc1,,,CHEMBL3763117,Bioorg Med Chem,2016,,CHEMBL64,ISONIAZID,CHEMBL64,,1,http://www.openphacts.org/units/Nanomolar,2756854,>,1,1,>,,IC50,nM,,25000.0,CHEMBL6069,Mycobacterium tuberculosis,Pantothenate synthetase,1773,,,IC50,uM,UO_0000065,,25.0
,,16471571,[],CHEMBL3766329,Inhibition of Mycobacterium tuberculosis pantothenate synthetase using pantoic acid as substrate and beta-alanine as reactant assessed as NAD+ formation by spectrophotmetry in presence of NADH,B,,,BAO_0000190,BAO_0000357,single protein format,CC[C@@H](CO)NCCN[C@@H](CC)CO,,,CHEMBL3763117,Bioorg Med Chem,2016,,CHEMBL44884,ETHAMBUTOL,CHEMBL44884,,1,http://www.openphacts.org/units/Nanomolar,2756855,>,1,1,>,,IC50,nM,,25000.0,CHEMBL6069,Mycobacterium tuberculosis,Pantothenate synthetase,1773,,,IC50,uM,UO_0000065,,25.0
,,16621211,[],CHEMBL3819980,Inhibition of Mycobacterium tuberculosis pantothenate synthetase expressed in Escherichia coli,B,,,BAO_0000190,BAO_0000019,assay format,COc1ccc2c(c1)cc(C(=O)NS(=O)(=O)Cc1ccc(C(F)(F)F)cc1)n2CC(=O)O,,,CHEMBL3817781,J Med Chem,2016,"{'bei': '14.03', 'le': '0.28', 'lle': '3.59', 'sei': '5.76'}",CHEMBL3818314,,CHEMBL3818314,6.60,0,http://www.openphacts.org/units/Nanomolar,2782813,=,1,1,=,,IC50,nM,,250.0,CHEMBL6069,Mycobacterium tuberculosis,Pantothenate synthetase,1773,,,IC50,nM,UO_0000065,,250.0
,,18313737,[],CHEMBL4132739,Inhibition of Mycobacterium tuberculosis pantothenate synthetase,B,,,BAO_0000190,BAO_0000357,single protein format,COc1ccc(-n2cc(Cn3ncc4c3CCN(C(=O)Nc3ccccc3)C4)nn2)cc1,,,CHEMBL4130388,Eur J Med Chem,2017,"{'bei': '13.96', 'le': '0.26', 'lle': '2.89', 'sei': '6.65'}",CHEMBL4170233,,CHEMBL4170233,6.00,0,http://www.openphacts.org/units/Nanomolar,3040243,=,1,1,=,,IC50,nM,,1010.0,CHEMBL6069,Mycobacterium tuberculosis,Pantothenate synthetase,1773,,,IC50,uM,UO_0000065,,1.01
,,18513911,[],CHEMBL4192444,Inhibition of Mycobacterium tuberculosis pantothenate synthetase,B,,,BAO_0000190,BAO_0000357,single protein format,COc1ccc(-n2cc(Cn3nc(-c4ccccc4)c4c3CCN(C(=O)Nc3ccccc3)C4)nn2)cc1,,,CHEMBL4190261,Eur J Med Chem,2017,"{'bei': '11.86', 'le': '0.22', 'lle': '1.22', 'sei': '6.65'}",CHEMBL4206335,,CHEMBL4206335,6.00,0,http://www.openphacts.org/units/Nanomolar,3073864,=,1,1,=,,IC50,nM,,1010.0,CHEMBL6069,Mycobacterium tuberculosis,Pantothenate synthetase,1773,,,IC50,uM,UO_0000065,,1.01
"{'action_type': 'INHIBITOR', 'description': 'Negatively effects (inhibits) the normal functioning of the protein e.g., prevention of enzymatic reaction or activation of downstream pathway', 'parent_type': 'NEGATIVE MODULATOR'}",,24962258,[],CHEMBL5216118,Inhibition of Mycobacterium tuberculosis pantothenate synthetase,B,,,BAO_0000190,BAO_0000357,single protein format,COc1ccc(-n2cc(Cn3nc(-c4ccccc4)c4c3CCN(C(=O)Nc3ccccc3)C4)nn2)cc1,,,CHEMBL5214920,Eur J Med Chem,2022,"{'bei': '11.86', 'le': '0.22', 'lle': '1.22', 'sei': '6.65'}",CHEMBL4206335,,CHEMBL4206335,6.00,1,http://www.openphacts.org/units/Nanomolar,3899425,=,1,1,=,,IC50,nM,,1010.0,CHEMBL6069,Mycobacterium tuberculosis,Pantothenate synthetase,1773,,,IC50,uM,UO_0000065,,1.01
